Reporting starts,Reporting ends,Campaign,Delivery,Mobile app installs,Mobile app actions,Cost per mobile app install,Cost per mobile app action,Desktop app installs,Desktop app engagement,Cost per desktop app install,Cost per desktop app engagement,Post reactions,Post comments,Post shares
2014-02-21,2018-01-29,1,0,11451,,1.275683346,,,,,,1807,42,133
2015-10-17,2015-10-17,4,inactive,26,,1.269230769,,,,,,91,,
2015-10-18,2015-10-18,4,inactive,30,,1.1,,,,,,71,,
2015-10-19,2015-10-19,4,inactive,17,,0.8823529412,,,,,,27,1,
2015-08-14,2015-08-14,29,inactive,24,,1.375,,,,,,20,,3
2015-09-05,2015-09-05,16,inactive,17,,1.941176471,,,,,,18,,3
2015-09-04,2015-09-04,16,inactive,25,,1.3196,,,,,,18,,2
2015-04-04,2015-04-04,73,inactive,71,,1.427464789,,,,,,18,,1
2015-10-16,2015-10-16,4,inactive,11,,1.062727273,,,,,,17,,
2015-09-07,2015-09-07,16,inactive,16,,2.0625,,,,,,17,,4
2015-09-06,2015-09-06,16,inactive,28,,1.178571429,,,,,,16,,2
2015-10-20,2015-10-20,3,inactive,2,,16.5,,,,,,15,,
2015-10-19,2015-10-19,3,inactive,2,,6.6,,,,,,15,,
2015-09-01,2015-09-01,16,inactive,21,,1.571428571,,,,,,15,,
2015-09-03,2015-09-03,16,inactive,17,,1.941176471,,,,,,14,,
2015-08-31,2015-08-31,16,inactive,33,,1,,,,,,14,,1
2016-01-28,2016-01-28,58,inactive,42,,0.7857142857,,,,,,12,,
2015-09-02,2015-09-02,16,inactive,24,,1.375,,,,,,11,,2
2015-08-30,2015-08-30,16,inactive,13,,2.536923077,,,,,,11,,1
2015-12-20,2015-12-20,58,inactive,39,,0.8461538462,,,,,,11,,
2015-08-16,2015-08-16,29,inactive,27,,1.222222222,,,,,,10,2,2
2016-02-28,2016-02-28,58,inactive,24,,0.6791666667,,,,,,10,,1
2016-02-02,2016-02-02,58,inactive,42,,0.7785714286,,,,,,10,,
2016-01-16,2016-01-16,58,inactive,46,,0.7173913043,,,,,,10,,1
2016-01-11,2016-01-11,58,inactive,44,,0.75,,,,,,10,,
2015-12-13,2015-12-13,58,inactive,44,,0.75,,,,,,10,,
2015-08-17,2015-08-17,29,inactive,28,,1.178571429,,,,,,9,,1
2016-01-09,2016-01-09,58,inactive,48,,0.6875,,,,,,9,,1
2015-12-12,2015-12-12,58,inactive,32,,1.03125,,,,,,9,,
2015-11-18,2015-11-18,58,inactive,51,,0.6470588235,,,,,,9,,1
2015-06-30,2015-06-30,61,inactive,27,,1.549259259,,,,,,9,,
2015-10-07,2015-10-07,72,inactive,67,,0.49,,,,,,9,,1
2015-05-18,2015-05-18,73,inactive,39,,1.156410256,,,,,,9,,2
2015-11-02,2015-11-02,16,inactive,25,,1.32,,,,,,8,,
2015-11-01,2015-11-01,16,inactive,25,,1.32,,,,,,8,,
2015-07-15,2015-07-15,16,inactive,54,,1.502962963,,,,,,8,,
2015-10-26,2015-10-26,29,inactive,12,,2.75,,,,,,8,,
2015-08-27,2015-08-27,29,inactive,21,,1.571428571,,,,,,8,,
2015-08-25,2015-08-25,29,inactive,20,,1.65,,,,,,8,,
2015-12-16,2015-12-16,58,inactive,40,,0.825,,,,,,8,,
2015-09-28,2015-09-28,58,inactive,26,,1.269230769,,,,,,8,2,
2015-09-17,2015-09-17,58,inactive,43,,0.7674418605,,,,,,8,,
2015-07-05,2015-07-05,69,inactive,10,,2.748,,,,,,8,,1
2015-07-02,2015-07-02,61,inactive,13,,2.325384615,,,,,,8,,
2015-04-21,2015-04-21,73,inactive,24,,1.244583333,,,,,,8,,
2015-04-05,2015-04-05,73,inactive,63,,1.655238095,,,,,,8,,
2015-09-10,2015-09-10,17,inactive,24,,1.375,,,,,,7,,
2015-10-30,2015-10-30,29,inactive,17,,1.941176471,,,,,,7,,
2015-08-15,2015-08-15,29,inactive,38,,0.8684210526,,,,,,7,,1
2016-02-06,2016-02-06,58,inactive,41,,0.8034146341,,,,,,7,,
2016-01-27,2016-01-27,58,inactive,35,,0.9405714286,,,,,,7,1,2
2016-01-23,2016-01-23,58,inactive,47,,0.7021276596,,,,,,7,,
2016-01-22,2016-01-22,58,inactive,41,,0.8048780488,,,,,,7,,
2016-01-21,2016-01-21,58,inactive,45,,0.7331111111,,,,,,7,,
2016-01-20,2016-01-20,58,inactive,20,,1.6495,,,,,,7,1,
2016-01-17,2016-01-17,58,inactive,41,,0.8048780488,,,,,,7,1,1
2015-12-22,2015-12-22,58,inactive,25,,1.32,,,,,,7,,1
2015-12-19,2015-12-19,58,inactive,31,,1.064516129,,,,,,7,,
2015-12-11,2015-12-11,58,inactive,31,,1.062903226,,,,,,7,,
2015-12-08,2015-12-08,58,inactive,36,,0.9166666667,,,,,,7,,
2015-12-06,2015-12-06,58,inactive,33,,1,,,,,,7,,
2015-12-05,2015-12-05,58,inactive,38,,0.8665789474,,,,,,7,,
2015-11-20,2015-11-20,58,inactive,46,,0.7173913043,,,,,,7,,
2015-11-07,2015-11-07,58,inactive,68,,0.4852941176,,,,,,7,,
2015-09-24,2015-09-24,58,inactive,37,,0.8913513514,,,,,,7,1,2
2015-05-19,2015-05-19,73,inactive,34,,1.142941176,,,,,,7,,1
2015-04-12,2015-04-12,73,inactive,56,,0.9605357143,,,,,,7,,2
2015-04-06,2015-04-06,73,inactive,85,,1.455529412,,,,,,7,,2
2015-03-25,2015-03-25,74,inactive,,,,,,,,,7,,
2015-10-31,2015-10-31,16,inactive,13,,2.538461538,,,,,,6,,
2015-10-23,2015-10-23,29,inactive,20,,1.65,,,,,,6,,
2015-10-21,2015-10-21,29,inactive,19,,1.736842105,,,,,,6,,2
2015-08-26,2015-08-26,29,inactive,18,,1.829444444,,,,,,6,,
2015-08-20,2015-08-20,29,inactive,25,,1.3192,,,,,,6,,
2015-08-13,2015-08-13,29,inactive,22,,1.5,,,,,,6,,
2015-08-05,2015-08-05,29,inactive,14,,2.357142857,,,,,,6,,
2016-02-15,2016-02-15,58,inactive,32,,1.03125,,,,,,6,,1
2016-02-13,2016-02-13,58,inactive,47,,0.7021276596,,,,,,6,,2
2016-02-03,2016-02-03,58,inactive,48,,0.6858333333,,,,,,6,1,2
2016-01-14,2016-01-14,58,inactive,33,,1,,,,,,6,,
2016-01-10,2016-01-10,58,inactive,62,,0.5322580645,,,,,,6,,
2015-12-21,2015-12-21,58,inactive,28,,1.178571429,,,,,,6,,
2015-11-11,2015-11-11,58,inactive,48,,0.6875,,,,,,6,,
2015-09-27,2015-09-27,58,inactive,44,,0.7477272727,,,,,,6,1,
2015-09-26,2015-09-26,58,inactive,28,,1.178571429,,,,,,6,,2
2015-09-23,2015-09-23,58,inactive,35,,0.9428571429,,,,,,6,2,
2015-09-20,2015-09-20,58,inactive,56,,0.5892857143,,,,,,6,,1
2015-09-19,2015-09-19,58,inactive,59,,0.5593220339,,,,,,6,,
2015-09-16,2015-09-16,58,inactive,64,,0.51421875,,,,,,6,,
2015-09-15,2015-09-15,58,inactive,73,,0.4520547945,,,,,,6,1,
2015-09-12,2015-09-12,58,inactive,18,,1.833333333,,,,,,6,,
2015-10-08,2015-10-08,72,inactive,53,,0.6211320755,,,,,,6,,
2015-10-05,2015-10-05,72,inactive,59,,0.5501694915,,,,,,6,,
2015-05-16,2015-05-16,73,inactive,38,,1.259736842,,,,,,6,,
2015-05-14,2015-05-14,73,inactive,43,,1.148837209,,,,,,6,,
2015-04-10,2015-04-10,73,inactive,33,,0.8709090909,,,,,,6,,
2015-09-11,2015-09-11,17,inactive,10,,1.864,,,,,,5,,1
2015-09-09,2015-09-09,17,inactive,16,,2.0625,,,,,,5,,1
2015-07-20,2015-07-20,16,inactive,18,,1.235,,,,,,5,,1
2015-07-15,2015-07-15,17,inactive,24,,1.657083333,,,,,,5,,
2015-10-31,2015-10-31,29,inactive,14,,2.335714286,,,,,,5,,
2015-10-27,2015-10-27,29,inactive,16,,2.0625,,,,,,5,,
2015-08-24,2015-08-24,29,inactive,22,,1.5,,,,,,5,,
2015-08-21,2015-08-21,29,inactive,16,,2.060625,,,,,,5,,1
2015-08-11,2015-08-11,29,inactive,42,,1.04047619,,,,,,5,,1
2015-07-26,2015-07-26,29,inactive,14,,1.075,,,,,,5,,1
2016-03-16,2016-03-16,58,inactive,15,,1.086666667,,,,,,5,,1
2016-03-11,2016-03-11,58,inactive,25,,0.652,,,,,,5,,
2016-02-21,2016-02-21,58,inactive,42,,0.7857142857,,,,,,5,,
2016-02-19,2016-02-19,58,inactive,42,,0.7857142857,,,,,,5,1,
2016-02-18,2016-02-18,58,inactive,42,,0.7857142857,,,,,,5,,1
2016-02-14,2016-02-14,58,inactive,34,,0.9705882353,,,,,,5,1,
2016-02-04,2016-02-04,58,inactive,33,,0.9906060606,,,,,,5,,1
2016-01-19,2016-01-19,58,inactive,39,,0.8461538462,,,,,,5,,
2016-01-13,2016-01-13,58,inactive,25,,1.32,,,,,,5,,
2016-01-07,2016-01-07,58,inactive,32,,1.03125,,,,,,5,,
2015-12-07,2015-12-07,58,inactive,42,,0.7857142857,,,,,,5,,
2015-12-03,2015-12-03,58,inactive,40,,0.77475,,,,,,5,,1
2015-11-23,2015-11-23,58,inactive,45,,0.7333333333,,,,,,5,,
2015-11-12,2015-11-12,58,inactive,37,,0.8918918919,,,,,,5,,1
2015-09-13,2015-09-13,58,inactive,28,,1.178571429,,,,,,5,1,
2015-06-29,2015-06-29,69,inactive,19,,2.609473684,,,,,,5,,1
2015-05-17,2015-05-17,71,inactive,5,,1.6,,,,,,5,,2
2015-05-09,2015-05-09,71,inactive,8,,1.25,,,,,,5,,2
2015-10-11,2015-10-11,72,inactive,45,,0.7273333333,,,,,,5,,
2015-10-09,2015-10-09,72,inactive,35,,0.9265714286,,,,,,5,,
2015-10-06,2015-10-06,72,inactive,57,,0.5766666667,,,,,,5,,2
2015-05-27,2015-05-27,73,inactive,30,,1.647333333,,,,,,5,,
2015-05-10,2015-05-10,73,inactive,41,,1.245121951,,,,,,5,,
2015-04-30,2015-04-30,73,inactive,14,,1.318571429,,,,,,5,,
2015-04-19,2015-04-19,73,inactive,39,,1.19974359,,,,,,5,,
2015-11-04,2015-11-04,16,inactive,15,,2.372,,,,,,4,,1
2015-11-03,2015-11-03,16,inactive,12,,2.75,,,,,,4,,
2015-09-08,2015-09-08,16,inactive,9,,1.241111111,,,,,,4,,
2015-07-19,2015-07-19,17,inactive,24,,1.179166667,,,,,,4,,1
2015-10-28,2015-10-28,29,inactive,19,,1.736842105,,,,,,4,,
2015-10-24,2015-10-24,29,inactive,14,,2.357142857,,,,,,4,,1
2015-10-22,2015-10-22,29,inactive,17,,1.938235294,,,,,,4,,
2015-08-23,2015-08-23,29,inactive,17,,1.938235294,,,,,,4,1,
2015-08-22,2015-08-22,29,inactive,13,,2.536923077,,,,,,4,2,
2015-07-13,2015-07-13,29,inactive,13,,1.389230769,,,,,,4,,1
2015-07-05,2015-07-05,31,inactive,11,,2.325454545,,,,,,4,,1
2016-03-25,2016-03-25,58,inactive,18,,0.9055555556,,,,,,4,,
2016-03-24,2016-03-24,58,inactive,15,,1.086666667,,,,,,4,,2
2016-03-23,2016-03-23,58,inactive,16,,1.01875,,,,,,4,,
2016-03-22,2016-03-22,58,inactive,24,,0.6791666667,,,,,,4,,1
2016-02-23,2016-02-23,58,inactive,37,,0.8918918919,,,,,,4,1,2
2016-02-20,2016-02-20,58,inactive,40,,0.825,,,,,,4,,1
2016-02-07,2016-02-07,58,inactive,54,,0.6083333333,,,,,,4,2,
2016-01-26,2016-01-26,58,inactive,37,,0.8916216216,,,,,,4,,
2016-01-24,2016-01-24,58,inactive,39,,0.8453846154,,,,,,4,,
2016-01-18,2016-01-18,58,inactive,38,,0.8684210526,,,,,,4,,
2016-01-12,2016-01-12,58,inactive,40,,0.825,,,,,,4,,
2016-01-05,2016-01-05,58,inactive,33,,1,,,,,,4,,
2016-01-04,2016-01-04,58,inactive,59,,0.5593220339,,,,,,4,,1
2015-12-23,2015-12-23,58,inactive,37,,0.8918918919,,,,,,4,,1
2015-12-15,2015-12-15,58,inactive,49,,0.6726530612,,,,,,4,,
2015-12-10,2015-12-10,58,inactive,38,,0.8684210526,,,,,,4,,
2015-12-09,2015-12-09,58,inactive,44,,0.75,,,,,,4,,
2015-11-21,2015-11-21,58,inactive,49,,0.6734693878,,,,,,4,,
2015-11-15,2015-11-15,58,inactive,67,,0.4925373134,,,,,,4,,
2015-11-14,2015-11-14,58,inactive,51,,0.6470588235,,,,,,4,,
2015-11-08,2015-11-08,58,inactive,60,,0.55,,,,,,4,,
2015-11-06,2015-11-06,58,inactive,46,,0.7173913043,,,,,,4,,
2015-11-05,2015-11-05,58,inactive,51,,0.6470588235,,,,,,4,,1
2015-09-18,2015-09-18,58,inactive,38,,0.8642105263,,,,,,4,,
2015-07-01,2015-07-01,61,inactive,11,,2.138181818,,,,,,4,,
2015-06-30,2015-06-30,69,inactive,11,,2.558181818,,,,,,4,,
2015-05-13,2015-05-13,71,inactive,,,,,,,,,4,,1
2015-05-11,2015-05-11,71,inactive,2,,1,,,,,,4,,1
2015-10-12,2015-10-12,72,inactive,54,,0.6111111111,,,,,,4,,
2015-10-04,2015-10-04,72,inactive,22,,1.5,,,,,,4,,
2015-05-28,2015-05-28,73,inactive,42,,1.159285714,,,,,,4,,1
2015-05-21,2015-05-21,73,inactive,17,,1.514117647,,,,,,4,1,
2015-05-12,2015-05-12,73,inactive,25,,1.3116,,,,,,4,,
2015-04-28,2015-04-28,72,inactive,11,,1.110909091,,,,,,4,,
2015-04-27,2015-04-27,72,inactive,12,,1.720833333,,,,,,4,,
2015-04-26,2015-04-26,72,inactive,19,,1.466842105,,,,,,4,,
2015-04-01,2015-04-01,73,inactive,57,,1.387017544,,,,,,4,,
2015-03-30,2015-03-30,73,inactive,55,,1.729272727,,,,,,4,,1
2015-03-29,2015-03-29,73,inactive,64,,2.0078125,,,,,,4,,
2015-03-07,2015-03-07,75,inactive,18,,2.777777778,,,,,,4,,
2014-12-13,2014-12-13,78,inactive,,,,,,,,,4,,
2015-09-08,2015-09-08,17,inactive,3,,5.36,,,,,,3,,1
2015-08-29,2015-08-29,16,inactive,18,,1.831111111,,,,,,3,,1
2015-08-28,2015-08-28,16,inactive,14,,1.350714286,,,,,,3,,
2015-07-22,2015-07-22,16,inactive,5,,1.208,,,,,,3,,
2015-07-16,2015-07-16,16,inactive,25,,1.464,,,,,,3,,1
2015-10-29,2015-10-29,29,inactive,18,,1.833333333,,,,,,3,,
2015-10-25,2015-10-25,29,inactive,19,,1.733684211,,,,,,3,,
2015-08-18,2015-08-18,29,inactive,14,,2.353571429,,,,,,3,,1
2015-08-12,2015-08-12,29,inactive,17,,1.941176471,,,,,,3,,
2015-08-09,2015-08-09,29,inactive,14,,2.351428571,,,,,,3,,
2015-07-19,2015-07-19,29,inactive,14,,1.392142857,,,,,,3,,
2015-07-05,2015-07-05,44,inactive,7,,2.582857143,,,,,,3,,
2015-07-01,2015-07-01,50,inactive,,,,,,,,,3,,
2015-06-20,2015-06-20,52,inactive,2,,2.34,,,,,,3,,
2016-03-29,2016-03-29,58,inactive,32,,0.509375,,,,,,3,,1
2016-03-28,2016-03-28,58,inactive,25,,0.652,,,,,,3,,
2016-03-21,2016-03-21,58,inactive,22,,0.7409090909,,,,,,3,,
2016-03-20,2016-03-20,58,inactive,22,,0.7409090909,,,,,,3,,1
2016-03-19,2016-03-19,58,inactive,27,,0.6037037037,,,,,,3,,
2016-03-17,2016-03-17,58,inactive,17,,0.9588235294,,,,,,3,,
2016-03-14,2016-03-14,58,inactive,14,,1.164285714,,,,,,3,,
2016-03-13,2016-03-13,58,inactive,27,,0.6037037037,,,,,,3,,
2016-02-26,2016-02-26,58,inactive,17,,0.9588235294,,,,,,3,,
2016-02-22,2016-02-22,58,inactive,39,,0.8461538462,,,,,,3,,
2016-02-17,2016-02-17,58,inactive,48,,0.6875,,,,,,3,,1
2016-02-16,2016-02-16,58,inactive,31,,1.064516129,,,,,,3,,
2016-02-12,2016-02-12,58,inactive,26,,1.269230769,,,,,,3,,
2016-02-11,2016-02-11,58,inactive,34,,0.9705882353,,,,,,3,,
2016-01-30,2016-01-30,58,inactive,42,,0.7785714286,,,,,,3,,
2016-01-06,2016-01-06,58,inactive,39,,0.8456410256,,,,,,3,,1
2015-12-18,2015-12-18,58,inactive,26,,1.269230769,,,,,,3,,
2015-12-14,2015-12-14,58,inactive,40,,0.825,,,,,,3,,
2015-12-04,2015-12-04,58,inactive,30,,1.1,,,,,,3,,1
2015-12-01,2015-12-01,58,inactive,42,,0.7857142857,,,,,,3,,
2015-11-17,2015-11-17,58,inactive,37,,0.8918918919,,,,,,3,,
2015-11-16,2015-11-16,58,inactive,63,,0.5238095238,,,,,,3,,
2015-11-09,2015-11-09,58,inactive,62,,0.5322580645,,,,,,3,,
2015-09-14,2015-09-14,58,inactive,13,,2.533076923,,,,,,3,1,2
2015-10-13,2015-10-13,72,inactive,26,,0.9030769231,,,,,,3,,
2015-06-14,2015-06-14,73,inactive,6,,2.723333333,,,,,,3,,
2015-06-08,2015-06-08,73,inactive,6,,0.58,,,,,,3,1,
2015-05-29,2015-05-29,73,inactive,28,,1.069642857,,,,,,3,,
2015-05-22,2015-05-22,73,inactive,28,,1.949642857,,,,,,3,,
2015-05-20,2015-05-20,73,inactive,27,,1.006666667,,,,,,3,,2
2015-05-15,2015-05-15,73,inactive,27,,1.451481481,,,,,,3,,
2015-05-09,2015-05-09,73,inactive,47,,0.9217021277,,,,,,3,,
2015-05-08,2015-05-08,73,inactive,28,,1.167142857,,,,,,3,1,
2015-04-26,2015-04-26,73,inactive,43,,0.8704651163,,,,,,3,,
2015-04-24,2015-04-24,73,inactive,21,,1.347619048,,,,,,3,,
2015-04-22,2015-04-22,73,inactive,27,,1.160740741,,,,,,3,,
2015-04-20,2015-04-20,73,inactive,32,,1.23375,,,,,,3,,
2015-04-18,2015-04-18,73,inactive,41,,1.169512195,,,,,,3,1,
2015-04-15,2015-04-15,73,inactive,25,,1.1952,,,,,,3,,
2015-04-07,2015-04-07,73,inactive,54,,1.302592593,,,,,,3,,
2015-04-03,2015-04-03,73,inactive,59,,1.376271186,,,,,,3,1,
2015-03-31,2015-03-31,73,inactive,77,,1.569220779,,,,,,3,,
2015-03-27,2015-03-27,73,inactive,22,,1.867727273,,,,,,3,,
2015-03-10,2015-03-10,75,inactive,9,,5.555555556,,,,,,3,,
2015-12-04,2015-12-04,2,inactive,,,,,,,,,2,,
2015-10-21,2015-10-21,3,inactive,2,,3.53,,,,,,2,,
2015-10-16,2015-10-16,5,inactive,15,,2.194666667,,,,,,2,,
2015-10-15,2015-10-15,5,inactive,26,,1.266923077,,,,,,2,,
2015-11-05,2015-11-05,16,inactive,,,,,,,,,2,,
2015-07-28,2015-07-28,17,inactive,3,,1.41,,,,,,2,,
2015-07-27,2015-07-27,16,inactive,7,,1.098571429,,,,,,2,,1
2015-07-27,2015-07-27,17,inactive,2,,2.045,,,,,,2,,
2015-07-25,2015-07-25,16,inactive,6,,1.26,,,,,,2,,
2015-07-20,2015-07-20,17,inactive,16,,1.03125,,,,,,2,,
2015-07-18,2015-07-18,16,inactive,18,,1.31,,,,,,2,,
2015-07-17,2015-07-17,16,inactive,12,,1.368333333,,,,,,2,,
2015-07-17,2015-07-17,17,inactive,7,,1.71,,,,,,2,,
2015-07-16,2015-07-16,17,inactive,15,,1.832666667,,,,,,2,,1
2015-07-14,2015-07-14,17,inactive,15,,1.717333333,,,,,,2,,1
2015-07-14,2015-07-14,27,inactive,1,,2.2,,,,,,2,,
2015-08-19,2015-08-19,29,inactive,24,,1.372083333,,,,,,2,,1
2015-08-10,2015-08-10,29,inactive,17,,2.088823529,,,,,,2,,
2015-08-08,2015-08-08,29,inactive,7,,4.705714286,,,,,,2,,
2015-08-07,2015-08-07,29,inactive,12,,2.75,,,,,,2,,
2015-07-31,2015-07-31,29,inactive,4,,1.5975,,,,,,2,,
2015-07-28,2015-07-28,29,inactive,7,,1.285714286,,,,,,2,,
2015-07-24,2015-07-24,29,inactive,11,,1.076363636,,,,,,2,,
2015-07-03,2015-07-03,31,inactive,6,,1.705,,,,,,2,,
2015-07-07,2015-07-07,51,inactive,31,,2.491612903,,,,,,2,,
2015-07-06,2015-07-06,51,inactive,19,,2.6,,,,,,2,,
2015-07-05,2015-07-05,51,inactive,27,,2.564444444,,,,,,2,,
2015-07-03,2015-07-03,44,inactive,3,,2.623333333,,,,,,2,,
2015-06-21,2015-06-21,45,inactive,,,,,,,,,2,,
2015-06-21,2015-06-21,51,inactive,5,,2.158,,,,,,2,,
2016-03-27,2016-03-27,58,inactive,24,,0.6791666667,,,,,,2,,1
2016-03-12,2016-03-12,58,inactive,22,,0.7409090909,,,,,,2,1,
2016-03-07,2016-03-07,58,inactive,19,,0.8578947368,,,,,,2,,
2016-03-05,2016-03-05,58,inactive,21,,0.7752380952,,,,,,2,,1
2016-03-04,2016-03-04,58,inactive,21,,0.7761904762,,,,,,2,1,
2016-03-03,2016-03-03,58,inactive,30,,0.5433333333,,,,,,2,,
2016-03-01,2016-03-01,58,inactive,16,,1.01875,,,,,,2,,
2016-02-25,2016-02-25,58,inactive,15,,1.086666667,,,,,,2,,
2016-02-24,2016-02-24,58,inactive,29,,1.052413793,,,,,,2,,
2016-02-10,2016-02-10,58,inactive,38,,0.8684210526,,,,,,2,1,
2016-02-09,2016-02-09,58,inactive,28,,1.178571429,,,,,,2,,
2016-02-05,2016-02-05,58,inactive,42,,0.7857142857,,,,,,2,1,
2016-01-25,2016-01-25,58,inactive,31,,1.047419355,,,,,,2,,
2016-01-08,2016-01-08,58,inactive,35,,0.9428571429,,,,,,2,,1
2015-12-17,2015-12-17,58,inactive,41,,0.8048780488,,,,,,2,,
2015-11-25,2015-11-25,58,inactive,2,,8.085,,,,,,2,,
2015-11-22,2015-11-22,58,inactive,49,,0.6734693878,,,,,,2,,
2015-11-19,2015-11-19,58,inactive,40,,0.825,,,,,,2,,1
2015-09-29,2015-09-29,58,inactive,14,,1.097857143,,,,,,2,1,1
2015-09-25,2015-09-25,58,inactive,42,,0.785,,,,,,2,,
2015-09-21,2015-09-21,58,inactive,48,,0.6875,,,,,,2,,
2015-07-04,2015-07-04,60,inactive,2,,2.78,,,,,,2,,
2015-07-03,2015-07-03,61,inactive,9,,1.771111111,,,,,,2,,1
2015-07-03,2015-07-03,60,inactive,4,,2.31,,,,,,2,,
2015-10-10,2015-10-10,72,inactive,47,,0.6974468085,,,,,,2,,1
2015-10-02,2015-10-02,72,inactive,21,,1.54952381,,,,,,2,,
2015-10-01,2015-10-01,72,inactive,13,,2.538461538,,,,,,2,,
2015-06-30,2015-06-30,72,inactive,2,,3.09,,,,,,2,,
2015-06-10,2015-06-10,73,inactive,3,,5.773333333,,,,,,2,,
2015-06-02,2015-06-02,73,inactive,6,,0.98,,,,,,2,,
2015-05-30,2015-05-30,73,inactive,12,,0.9166666667,,,,,,2,,
2015-05-23,2015-05-23,73,inactive,29,,1.798275862,,,,,,2,,
2015-04-25,2015-04-25,73,inactive,38,,1.142631579,,,,,,2,,
2015-04-24,2015-04-24,72,inactive,5,,1.8,,,,,,2,,
2015-04-17,2015-04-17,73,inactive,30,,1.349666667,,,,,,2,,
2015-04-16,2015-04-16,73,inactive,32,,1.1475,,,,,,2,,
2015-04-11,2015-04-11,73,inactive,45,,1.139555556,,,,,,2,,1
2015-04-08,2015-04-08,73,inactive,44,,1.115,,,,,,2,,
2015-04-02,2015-04-02,73,inactive,57,,1.400350877,,,,,,2,,2
2015-04-01,2015-04-01,74,inactive,,,,,,,,,2,,
2015-03-27,2015-03-27,74,inactive,,,,,,,,,2,,
2015-03-25,2015-03-25,73,inactive,14,,2.33,,,,,,2,,
2015-03-24,2015-03-24,73,inactive,8,,3.48875,,,,,,2,,
2015-03-22,2015-03-22,75,inactive,10,,4.721,,,,,,2,,
2015-03-19,2015-03-19,75,inactive,7,,7.142857143,,,,,,2,,
2015-03-17,2015-03-17,75,inactive,14,,3.571428571,,,,,,2,,
2015-03-12,2015-03-12,75,inactive,13,,3.846153846,,,,,,2,1,1
2015-03-09,2015-03-09,75,inactive,12,,4.166666667,,,,,,2,,
2015-03-05,2015-03-05,75,inactive,16,,3.125,,,,,,2,,
2015-02-19,2015-02-19,75,inactive,3,,4.4,,,,,,2,,
2014-12-16,2014-12-16,78,inactive,,,,,,,,,2,,
2014-12-11,2014-12-11,78,inactive,,,,,,,,,2,,
2015-09-17,2015-09-17,6,inactive,2,,1.64,,,,,,1,,
2015-07-26,2015-07-26,16,inactive,17,,1.24,,,,,,1,,
2015-07-26,2015-07-26,17,inactive,8,,1.39375,,,,,,1,,
2015-07-23,2015-07-23,16,inactive,9,,1.33,,,,,,1,,1
2015-07-21,2015-07-21,16,inactive,13,,1.672307692,,,,,,1,,
2015-07-21,2015-07-21,17,inactive,7,,1.531428571,,,,,,1,,
2015-07-19,2015-07-19,16,inactive,18,,1.269444444,,,,,,1,,
2015-07-15,2015-07-15,18,inactive,,,,,,,,,1,,1
2015-07-15,2015-07-15,25,inactive,,,,,,,,,1,,
2015-07-15,2015-07-15,21,inactive,,,,,,,,,1,,
2015-07-14,2015-07-14,16,inactive,21,,1.718095238,,,,,,1,,
2015-08-02,2015-08-02,29,inactive,5,,1.354,,,,,,1,,
2015-07-30,2015-07-30,29,inactive,4,,1.6175,,,,,,1,,
2015-07-25,2015-07-25,29,inactive,10,,1.212,,,,,,1,,
2015-07-22,2015-07-22,29,inactive,16,,1.45375,,,,,,1,,
2015-07-21,2015-07-21,29,inactive,15,,1.446,,,,,,1,,
2015-07-20,2015-07-20,29,inactive,19,,1.555263158,,,,,,1,,
2015-07-18,2015-07-18,29,inactive,15,,1.508,,,,,,1,,
2015-07-16,2015-07-16,29,inactive,13,,1.266153846,,,,,,1,,1
2015-07-15,2015-07-15,29,inactive,34,,1.472352941,,,,,,1,,
2015-07-07,2015-07-07,31,inactive,8,,2.8775,,,,,,1,,
2015-07-07,2015-07-07,34,inactive,5,,2.648,,,,,,1,,
2015-07-06,2015-07-06,34,inactive,16,,2.418125,,,,,,1,,
2015-07-05,2015-07-05,38,inactive,,,,,,,,,1,,
2015-07-04,2015-07-04,31,inactive,10,,2.337,,,,,,1,,
2015-06-22,2015-06-22,38,inactive,1,,2.97,,,,,,1,,
2015-07-10,2015-07-10,50,inactive,,,,,,,,,1,,
2015-07-07,2015-07-07,46,inactive,1,,2.83,,,,,,1,,
2015-07-06,2015-07-06,45,inactive,4,,2.7525,,,,,,1,,
2015-07-05,2015-07-05,45,inactive,6,,2.503333333,,,,,,1,,
2015-07-05,2015-07-05,47,inactive,1,,3.4,,,,,,1,,
2015-07-04,2015-07-04,44,inactive,12,,2.5725,,,,,,1,,
2015-07-03,2015-07-03,51,inactive,6,,2.5,,,,,,1,,
2015-07-03,2015-07-03,50,inactive,1,,2.67,,,,,,1,,
2015-07-02,2015-07-02,47,inactive,,,,,,,,,1,,
2015-07-01,2015-07-01,52,inactive,,,,,,,,,1,,
2015-07-01,2015-07-01,44,inactive,,,,,,,,,1,,1
2015-06-30,2015-06-30,46,inactive,,,,,,,,,1,,
2015-06-30,2015-06-30,51,inactive,1,,2.96,,,,,,1,,
2015-06-29,2015-06-29,51,inactive,3,,2.776666667,,,,,,1,,
2015-06-29,2015-06-29,56,inactive,2,,2.9,,,,,,1,,
2015-06-29,2015-06-29,47,inactive,,,,,,,,,1,,
2015-06-22,2015-06-22,51,inactive,1,,2.61,,,,,,1,,
2015-06-21,2015-06-21,50,inactive,,,,,,,,,1,,
2015-06-19,2015-06-19,51,inactive,2,,1.18,,,,,,1,,
2015-06-18,2015-06-18,50,inactive,1,,2.82,,,,,,1,,
2015-06-17,2015-06-17,52,inactive,,,,,,,,,1,,
2015-06-16,2015-06-16,44,inactive,,,,,,,,,1,,
2015-06-14,2015-06-14,50,inactive,4,,1.73,,,,,,1,,
2016-03-31,2016-03-31,58,inactive,20,,0.815,,,,,,1,,
2016-03-30,2016-03-30,58,inactive,20,,0.815,,,,,,1,,
2016-03-26,2016-03-26,58,inactive,19,,0.8578947368,,,,,,1,,
2016-03-10,2016-03-10,58,inactive,21,,0.7761904762,,,,,,1,,
2016-03-09,2016-03-09,58,inactive,24,,0.6791666667,,,,,,1,,
2016-03-08,2016-03-08,58,inactive,14,,1.164285714,,,,,,1,,
2016-03-06,2016-03-06,58,inactive,19,,0.8578947368,,,,,,1,1,
2016-02-29,2016-02-29,58,inactive,23,,0.7086956522,,,,,,1,,
2016-02-27,2016-02-27,58,inactive,15,,1.086666667,,,,,,1,,1
2016-02-08,2016-02-08,58,inactive,36,,0.9077777778,,,,,,1,,
2016-02-01,2016-02-01,58,inactive,42,,0.785,,,,,,1,,
2016-01-29,2016-01-29,58,inactive,20,,1.6375,,,,,,1,,
2016-01-15,2016-01-15,58,inactive,31,,1.064516129,,,,,,1,1,1
2015-12-02,2015-12-02,58,inactive,42,,0.7857142857,,,,,,1,,
2015-11-13,2015-11-13,58,inactive,52,,0.6346153846,,,,,,1,,
2015-11-10,2015-11-10,58,inactive,56,,0.5892857143,,,,,,1,,
2015-09-11,2015-09-11,58,inactive,3,,3.25,,,,,,1,,
2015-07-08,2015-07-08,58,inactive,,,,,,,,,1,,
2015-07-02,2015-07-02,69,inactive,6,,1.966666667,,,,,,1,,
2015-06-21,2015-06-21,69,inactive,4,,2.87,,,,,,1,,
2015-06-14,2015-06-14,69,inactive,2,,1.78,,,,,,1,,
2015-06-02,2015-06-02,65,inactive,1,,2.62,,,,,,1,,
2015-05-04,2015-05-04,71,inactive,5,,1.344,,,,,,1,,
2015-10-14,2015-10-14,72,inactive,11,,0.79,,,,,,1,,
2015-10-03,2015-10-03,72,inactive,10,,3.249,,,,,,1,,
2015-06-11,2015-06-11,73,inactive,2,,2.34,,,,,,1,,
2015-06-06,2015-06-06,73,inactive,6,,2.103333333,,,,,,1,,
2015-05-31,2015-05-31,73,inactive,13,,1.346153846,,,,,,1,,1
2015-05-25,2015-05-25,73,inactive,11,,1.682727273,,,,,,1,,
2015-05-17,2015-05-17,73,inactive,39,,1.099487179,,,,,,1,1,
2015-05-11,2015-05-11,73,inactive,45,,1.011333333,,,,,,1,,
2015-05-07,2015-05-07,73,inactive,23,,1.115217391,,,,,,1,,
2015-05-06,2015-05-06,73,inactive,25,,1.1552,,,,,,1,,
2015-04-30,2015-04-30,72,inactive,6,,1.416666667,,,,,,1,,
2015-04-28,2015-04-28,73,inactive,21,,1.473333333,,,,,,1,,
2015-04-25,2015-04-25,72,inactive,13,,1.272307692,,,,,,1,,
2015-04-23,2015-04-23,73,inactive,34,,0.9502941176,,,,,,1,,
2015-04-22,2015-04-22,72,inactive,9,,1.111111111,,,,,,1,,
2015-04-21,2015-04-21,72,inactive,7,,1.632857143,,,,,,1,,
2015-04-14,2015-04-14,73,inactive,24,,1.349166667,,,,,,1,,1
2015-04-09,2015-04-09,73,inactive,28,,0.8539285714,,,,,,1,,
2015-04-04,2015-04-04,72,inactive,2,,2.36,,,,,,1,,
2015-03-31,2015-03-31,72,inactive,5,,0.93,,,,,,1,,
2015-03-29,2015-03-29,72,inactive,3,,2.5,,,,,,1,,
2015-03-28,2015-03-28,73,inactive,38,,1.958421053,,,,,,1,,1
2015-03-21,2015-03-21,73,inactive,6,,2.97,,,,,,1,,
2015-03-14,2015-03-14,75,inactive,13,,3.846153846,,,,,,1,,
2015-03-11,2015-03-11,75,inactive,4,,12.5,,,,,,1,,
2015-03-06,2015-03-06,75,inactive,12,,4.166666667,,,,,,1,,
2015-03-04,2015-03-04,75,inactive,18,,2.222222222,,,,,,1,,
2015-03-02,2015-03-02,75,inactive,16,,2.5,,,,,,1,,
2015-02-14,2015-02-14,75,inactive,1,,7.92,,,,,,1,,
2014-12-17,2014-12-17,78,inactive,,,,,,,,,1,,
2014-12-15,2014-12-15,78,inactive,,,,,,,,,1,,
2014-12-14,2014-12-14,78,inactive,,,,,,,,,1,,
2014-02-28,2014-02-28,74,inactive,,,,,,,,,1,,1
2015-10-20,2015-10-20,4,inactive,,,,,,,,,,,
2015-10-17,2015-10-17,5,inactive,1,,7.57,,,,,,,,
2015-10-14,2015-10-14,5,inactive,,,,,,,,,,,
2015-08-28,2015-08-28,7,inactive,,,,,,,,,,,
2015-08-27,2015-08-27,7,inactive,,,,,,,,,,,
2015-07-16,2015-07-16,8,inactive,1,,1.5,,,,,,,,
2015-07-16,2015-07-16,9,inactive,,,,,,,,,,,
2015-07-16,2015-07-16,10,inactive,,,,,,,,,,,
2015-07-16,2015-07-16,11,inactive,,,,,,,,,,,
2015-07-16,2015-07-16,12,inactive,1,,2.19,,,,,,,,
2015-07-16,2015-07-16,13,inactive,,,,,,,,,,,
2015-07-15,2015-07-15,10,inactive,,,,,,,,,,,
2015-07-15,2015-07-15,14,inactive,,,,,,,,,,,
2015-07-15,2015-07-15,11,inactive,,,,,,,,,,,
2015-07-15,2015-07-15,12,inactive,,,,,,,,,,,
2015-07-15,2015-07-15,13,inactive,,,,,,,,,,,
2015-07-15,2015-07-15,8,inactive,,,,,,,,,,,
2015-07-15,2015-07-15,9,inactive,,,,,,,,,,,
2015-07-14,2015-07-14,13,inactive,,,,,,,,,,,
2015-07-14,2015-07-14,14,inactive,,,,,,,,,,,
2015-07-14,2015-07-14,10,inactive,,,,,,,,,,,
2015-07-14,2015-07-14,9,inactive,,,,,,,,,,,
2015-07-14,2015-07-14,12,inactive,,,,,,,,,,,
2015-07-14,2015-07-14,11,inactive,,,,,,,,,,,
2015-07-16,2015-07-16,15,inactive,,,,,,,,,,,
2015-07-15,2015-07-15,15,inactive,,,,,,,,,,,
2015-07-14,2015-07-14,15,inactive,,,,,,,,,,,
2015-08-05,2015-08-05,17,inactive,1,,0,,,,,,,,
2015-08-05,2015-08-05,16,inactive,5,,2.144,,,,,,,,
2015-08-04,2015-08-04,16,inactive,,,,,,,,,,,
2015-08-04,2015-08-04,17,inactive,2,,1.105,,,,,,,,
2015-08-03,2015-08-03,17,inactive,,,,,,,,,,,
2015-08-03,2015-08-03,16,inactive,2,,2.165,,,,,,,,
2015-08-02,2015-08-02,17,inactive,3,,1,,,,,,,,
2015-08-02,2015-08-02,16,inactive,10,,1.136,,,,,,,,
2015-08-01,2015-08-01,17,inactive,1,,2.1,,,,,,,,
2015-08-01,2015-08-01,16,inactive,,,,,,,,,,,
2015-07-31,2015-07-31,16,inactive,,,,,,,,,,,
2015-07-31,2015-07-31,17,inactive,1,,2.22,,,,,,,,
2015-07-30,2015-07-30,17,inactive,,,,,,,,,,,
2015-07-30,2015-07-30,16,inactive,,,,,,,,,,,
2015-07-29,2015-07-29,16,inactive,1,,2.06,,,,,,,,
2015-07-29,2015-07-29,17,inactive,1,,1,,,,,,,,
2015-07-28,2015-07-28,16,inactive,7,,1.031428571,,,,,,,,
2015-07-25,2015-07-25,17,inactive,4,,1.5875,,,,,,,,
2015-07-24,2015-07-24,16,inactive,5,,1.526,,,,,,,,
2015-07-24,2015-07-24,17,inactive,3,,2.136666667,,,,,,,,
2015-07-23,2015-07-23,17,inactive,5,,1.754,,,,,,,,
2015-07-22,2015-07-22,17,inactive,6,,1.668333333,,,,,,,,
2015-07-18,2015-07-18,17,inactive,23,,1.105652174,,,,,,,,
2015-07-16,2015-07-16,18,inactive,2,,0.75,,,,,,,,
2015-07-16,2015-07-16,19,inactive,,,,,,,,,,,
2015-07-16,2015-07-16,20,inactive,,,,,,,,,,,
2015-07-16,2015-07-16,21,inactive,,,,,,,,,,,
2015-07-16,2015-07-16,22,inactive,,,,,,,,,,,
2015-07-16,2015-07-16,23,inactive,2,,2.15,,,,,,,,
2015-07-16,2015-07-16,24,inactive,,,,,,,,,,,
2015-07-16,2015-07-16,25,inactive,,,,,,,,,,,
2015-07-16,2015-07-16,26,inactive,,,,,,,,,,,
2015-07-16,2015-07-16,27,inactive,,,,,,,,,,,
2015-07-15,2015-07-15,27,inactive,1,,2.14,,,,,,,,
2015-07-15,2015-07-15,23,inactive,5,,1.512,,,,,,,,
2015-07-15,2015-07-15,24,inactive,,,,,,,,,,,
2015-07-15,2015-07-15,19,inactive,,,,,,,,,,,
2015-07-15,2015-07-15,28,inactive,,,,,,,,,,,
2015-07-15,2015-07-15,20,inactive,2,,2.16,,,,,,,,
2015-07-14,2015-07-14,25,inactive,1,,1.5,,,,,,,,
2015-07-14,2015-07-14,21,inactive,,,,,,,,,,,
2015-07-14,2015-07-14,20,inactive,,,,,,,,,,,
2015-07-14,2015-07-14,23,inactive,2,,1.57,,,,,,,,
2015-07-14,2015-07-14,19,inactive,,,,,,,,,,,
2015-07-14,2015-07-14,28,inactive,,,,,,,,,,,
2015-07-14,2015-07-14,22,inactive,,,,,,,,,,,
2015-07-14,2015-07-14,18,inactive,,,,,,,,,,,
2015-07-14,2015-07-14,24,inactive,,,,,,,,,,,
2015-07-13,2015-07-13,17,inactive,3,,1.39,,,,,,,,
2015-07-13,2015-07-13,25,inactive,1,,2.06,,,,,,,,
2015-07-13,2015-07-13,16,inactive,4,,1.675,,,,,,,,
2015-07-13,2015-07-13,27,inactive,1,,2.25,,,,,,,,
2015-07-13,2015-07-13,20,inactive,,,,,,,,,,,
2015-07-13,2015-07-13,23,inactive,1,,2.22,,,,,,,,
2015-07-13,2015-07-13,19,inactive,,,,,,,,,,,
2015-08-28,2015-08-28,29,inactive,3,,2.296666667,,,,,,,,
2015-08-06,2015-08-06,29,inactive,17,,1.940588235,,,,,,,,1
2015-08-04,2015-08-04,29,inactive,7,,1.447142857,,,,,,,,1
2015-08-03,2015-08-03,29,inactive,1,,2.12,,,,,,,,
2015-08-01,2015-08-01,29,inactive,4,,1.88,,,,,,,,
2015-07-29,2015-07-29,29,inactive,8,,1.40375,,,,,,,,
2015-07-27,2015-07-27,29,inactive,10,,1.1,,,,,,,,
2015-07-23,2015-07-23,29,inactive,9,,1.596666667,,,,,,,,
2015-07-17,2015-07-17,29,inactive,13,,1.243846154,,,,,,,,
2015-07-14,2015-07-14,29,inactive,36,,1.516388889,,,,,,,,
2015-07-10,2015-07-10,30,inactive,,,,,,,,,,,
2015-07-10,2015-07-10,31,inactive,,,,,,,,,,,
2015-07-10,2015-07-10,32,inactive,,,,,,,,,,,
2015-07-10,2015-07-10,33,inactive,,,,,,,,,,,
2015-07-10,2015-07-10,34,inactive,,,,,,,,,,,
2015-07-09,2015-07-09,31,inactive,,,,,,,,,,,
2015-07-09,2015-07-09,34,inactive,2,,2.735,,,,,,,,
2015-07-09,2015-07-09,32,inactive,,,,,,,,,,,
2015-07-09,2015-07-09,35,inactive,,,,,,,,,,,
2015-07-09,2015-07-09,33,inactive,,,,,,,,,,,
2015-07-09,2015-07-09,30,inactive,,,,,,,,,,,
2015-07-08,2015-07-08,34,inactive,3,,2.746666667,,,,,,,,
2015-07-08,2015-07-08,35,inactive,,,,,,,,,,,
2015-07-08,2015-07-08,36,inactive,,,,,,,,,,,
2015-07-08,2015-07-08,33,inactive,4,,2.0025,,,,,,,,
2015-07-08,2015-07-08,37,inactive,,,,,,,,,,,
2015-07-08,2015-07-08,32,inactive,1,,3,,,,,,,,
2015-07-08,2015-07-08,38,inactive,,,,,,,,,,,
2015-07-08,2015-07-08,39,inactive,,,,,,,,,,,
2015-07-08,2015-07-08,31,inactive,,,,,,,,,,,
2015-07-08,2015-07-08,40,inactive,,,,,,,,,,,
2015-07-08,2015-07-08,30,inactive,,,,,,,,,,,
2015-07-07,2015-07-07,32,inactive,1,,0,,,,,,,,
2015-07-07,2015-07-07,35,inactive,1,,0,,,,,,,,
2015-07-07,2015-07-07,36,inactive,,,,,,,,,,,
2015-07-07,2015-07-07,40,inactive,,,,,,,,,,,
2015-07-07,2015-07-07,41,inactive,,,,,,,,,,,
2015-07-07,2015-07-07,37,inactive,,,,,,,,,,,
2015-07-07,2015-07-07,38,inactive,,,,,,,,,,,
2015-07-07,2015-07-07,33,inactive,4,,2.02,,,,,,,,
2015-07-07,2015-07-07,39,inactive,,,,,,,,,,,
2015-07-07,2015-07-07,30,inactive,,,,,,,,,,,
2015-07-06,2015-07-06,42,inactive,,,,,,,,,,,
2015-07-06,2015-07-06,38,inactive,,,,,,,,,,,
2015-07-06,2015-07-06,30,inactive,1,,0.43,,,,,,,,
2015-07-06,2015-07-06,35,inactive,3,,1.39,,,,,,,,
2015-07-06,2015-07-06,33,inactive,1,,2.19,,,,,,,,
2015-07-06,2015-07-06,32,inactive,,,,,,,,,,,
2015-07-06,2015-07-06,36,inactive,,,,,,,,,,,
2015-07-06,2015-07-06,41,inactive,,,,,,,,,,,
2015-07-06,2015-07-06,40,inactive,,,,,,,,,,,
2015-07-06,2015-07-06,31,inactive,9,,2.275555556,,,,,,,,
2015-07-06,2015-07-06,39,inactive,,,,,,,,,,,
2015-07-06,2015-07-06,37,inactive,,,,,,,,,,,
2015-07-05,2015-07-05,39,inactive,,,,,,,,,,,
2015-07-05,2015-07-05,33,inactive,8,,2.41,,,,,,,,
2015-07-05,2015-07-05,40,inactive,,,,,,,,,,,
2015-07-05,2015-07-05,41,inactive,2,,1.44,,,,,,,,1
2015-07-05,2015-07-05,35,inactive,5,,2.292,,,,,,,,
2015-07-05,2015-07-05,34,inactive,8,,1.9925,,,,,,,,
2015-07-05,2015-07-05,37,inactive,,,,,,,,,,,
2015-07-05,2015-07-05,32,inactive,,,,,,,,,,,
2015-07-05,2015-07-05,36,inactive,,,,,,,,,,,
2015-07-05,2015-07-05,42,inactive,3,,2.87,,,,,,,,
2015-07-04,2015-07-04,41,inactive,,,,,,,,,,,
2015-07-04,2015-07-04,35,inactive,1,,2.73,,,,,,,,
2015-07-04,2015-07-04,36,inactive,,,,,,,,,,,
2015-07-04,2015-07-04,34,inactive,5,,2.872,,,,,,,,
2015-07-04,2015-07-04,33,inactive,3,,2.696666667,,,,,,,,
2015-07-04,2015-07-04,37,inactive,,,,,,,,,,,
2015-07-04,2015-07-04,42,inactive,,,,,,,,,,,
2015-07-04,2015-07-04,38,inactive,,,,,,,,,,,
2015-07-04,2015-07-04,39,inactive,,,,,,,,,,,
2015-07-03,2015-07-03,34,inactive,1,,0,,,,,,,,
2015-07-03,2015-07-03,39,inactive,,,,,,,,,,,
2015-07-03,2015-07-03,41,inactive,,,,,,,,,,,
2015-07-03,2015-07-03,38,inactive,,,,,,,,,,,
2015-07-03,2015-07-03,32,inactive,,,,,,,,,,,
2015-07-03,2015-07-03,33,inactive,,,,,,,,,,,
2015-07-03,2015-07-03,40,inactive,,,,,,,,,,,
2015-07-03,2015-07-03,37,inactive,,,,,,,,,,,
2015-07-03,2015-07-03,42,inactive,3,,2.786666667,,,,,,,,
2015-07-03,2015-07-03,36,inactive,,,,,,,,,,,
2015-07-03,2015-07-03,35,inactive,,,,,,,,,,,
2015-07-02,2015-07-02,37,inactive,,,,,,,,,,,
2015-07-02,2015-07-02,38,inactive,,,,,,,,,,,
2015-07-02,2015-07-02,33,inactive,,,,,,,,,,,
2015-07-02,2015-07-02,42,inactive,,,,,,,,,,,
2015-07-01,2015-07-01,37,inactive,,,,,,,,,,,
2015-07-01,2015-07-01,38,inactive,,,,,,,,,,,
2015-06-30,2015-06-30,38,inactive,1,,2.7,,,,,,,,
2015-06-30,2015-06-30,37,inactive,,,,,,,,,,,
2015-06-29,2015-06-29,37,inactive,,,,,,,,,,,
2015-06-29,2015-06-29,38,inactive,1,,2.99,,,,,,,,
2015-06-28,2015-06-28,37,inactive,,,,,,,,,,,
2015-06-28,2015-06-28,38,inactive,,,,,,,,,,,
2015-06-23,2015-06-23,37,inactive,,,,,,,,,,,
2015-06-23,2015-06-23,38,inactive,,,,,,,,,,,
2015-06-22,2015-06-22,37,inactive,,,,,,,,,,,
2015-06-21,2015-06-21,38,inactive,,,,,,,,,,,
2015-06-21,2015-06-21,37,inactive,,,,,,,,,,,
2015-06-20,2015-06-20,38,inactive,1,,2.73,,,,,,,,
2015-06-19,2015-06-19,38,inactive,1,,2.43,,,,,,,,
2015-06-19,2015-06-19,37,inactive,,,,,,,,,,,
2015-06-18,2015-06-18,37,inactive,,,,,,,,,,,
2015-06-17,2015-06-17,37,inactive,,,,,,,,,,,
2015-06-16,2015-06-16,37,inactive,,,,,,,,,,,
2015-07-07,2015-07-07,43,inactive,,,,,,,,,,,
2015-07-06,2015-07-06,43,inactive,,,,,,,,,,,
2015-07-05,2015-07-05,43,inactive,,,,,,,,,,,
2015-07-01,2015-07-01,43,inactive,,,,,,,,,,,
2015-06-30,2015-06-30,43,inactive,,,,,,,,,,,
2015-06-29,2015-06-29,43,inactive,,,,,,,,,,,
2015-06-28,2015-06-28,43,inactive,,,,,,,,,,,
2015-06-21,2015-06-21,43,inactive,,,,,,,,,,,
2015-06-19,2015-06-19,43,inactive,,,,,,,,,,,
2015-07-10,2015-07-10,44,inactive,,,,,,,,,,,
2015-07-10,2015-07-10,45,inactive,2,,2.94,,,,,,,,
2015-07-10,2015-07-10,46,inactive,,,,,,,,,,,
2015-07-10,2015-07-10,47,inactive,,,,,,,,,,,
2015-07-10,2015-07-10,48,inactive,,,,,,,,,,,
2015-07-10,2015-07-10,49,inactive,,,,,,,,,,,
2015-07-10,2015-07-10,51,inactive,,,,,,,,,,,
2015-07-09,2015-07-09,51,inactive,2,,2.575,,,,,,,,
2015-07-09,2015-07-09,49,inactive,,,,,,,,,,,
2015-07-09,2015-07-09,47,inactive,,,,,,,,,,,
2015-07-09,2015-07-09,44,inactive,,,,,,,,,,,
2015-07-09,2015-07-09,45,inactive,7,,1.654285714,,,,,,,,
2015-07-09,2015-07-09,48,inactive,,,,,,,,,,,
2015-07-09,2015-07-09,50,inactive,,,,,,,,,,,
2015-07-09,2015-07-09,46,inactive,1,,2.98,,,,,,,,
2015-07-08,2015-07-08,45,inactive,3,,2.843333333,,,,,,,,
2015-07-08,2015-07-08,47,inactive,,,,,,,,,,,
2015-07-08,2015-07-08,52,inactive,,,,,,,,,,,
2015-07-08,2015-07-08,51,inactive,13,,1.641538462,,,,,,,,
2015-07-08,2015-07-08,49,inactive,,,,,,,,,,,
2015-07-08,2015-07-08,50,inactive,,,,,,,,,,,
2015-07-08,2015-07-08,46,inactive,2,,2.925,,,,,,,,
2015-07-08,2015-07-08,53,inactive,,,,,,,,,,,
2015-07-08,2015-07-08,48,inactive,,,,,,,,,,,
2015-07-08,2015-07-08,44,inactive,,,,,,,,,,,
2015-07-07,2015-07-07,49,inactive,,,,,,,,,,,
2015-07-07,2015-07-07,54,inactive,,,,,,,,,,,
2015-07-07,2015-07-07,50,inactive,3,,1.966666667,,,,,,,,
2015-07-07,2015-07-07,55,inactive,,,,,,,,,,,
2015-07-07,2015-07-07,52,inactive,,,,,,,,,,,
2015-07-07,2015-07-07,56,inactive,,,,,,,,,,,
2015-07-07,2015-07-07,47,inactive,,,,,,,,,,,
2015-07-07,2015-07-07,44,inactive,,,,,,,,,,,
2015-07-07,2015-07-07,53,inactive,,,,,,,,,,,
2015-07-07,2015-07-07,48,inactive,,,,,,,,,,,
2015-07-07,2015-07-07,45,inactive,7,,2.927142857,,,,,,,,
2015-07-06,2015-07-06,54,inactive,,,,,,,,,,,
2015-07-06,2015-07-06,48,inactive,,,,,,,,,,,
2015-07-06,2015-07-06,49,inactive,,,,,,,,,,,
2015-07-06,2015-07-06,52,inactive,1,,2.26,,,,,,,,
2015-07-06,2015-07-06,55,inactive,,,,,,,,,,,
2015-07-06,2015-07-06,50,inactive,,,,,,,,,,,
2015-07-06,2015-07-06,44,inactive,4,,0.9375,,,,,,,,
2015-07-06,2015-07-06,46,inactive,2,,2.915,,,,,,,,
2015-07-06,2015-07-06,47,inactive,,,,,,,,,,,
2015-07-06,2015-07-06,56,inactive,,,,,,,,,,,
2015-07-06,2015-07-06,53,inactive,,,,,,,,,,,
2015-07-05,2015-07-05,56,inactive,,,,,,,,,,,
2015-07-05,2015-07-05,49,inactive,,,,,,,,,,,
2015-07-05,2015-07-05,48,inactive,,,,,,,,,,,
2015-07-05,2015-07-05,53,inactive,,,,,,,,,,,
2015-07-05,2015-07-05,54,inactive,,,,,,,,,,,
2015-07-05,2015-07-05,50,inactive,3,,2.87,,,,,,,,
2015-07-05,2015-07-05,52,inactive,1,,2.33,,,,,,,,
2015-07-05,2015-07-05,55,inactive,,,,,,,,,,,
2015-07-05,2015-07-05,46,inactive,,,,,,,,,,,
2015-07-04,2015-07-04,56,inactive,1,,3,,,,,,,,
2015-07-04,2015-07-04,45,inactive,1,,2.99,,,,,,,,
2015-07-04,2015-07-04,46,inactive,1,,2.93,,,,,,,,
2015-07-04,2015-07-04,51,inactive,10,,2.048,,,,,,,,
2015-07-04,2015-07-04,47,inactive,,,,,,,,,,,
2015-07-04,2015-07-04,50,inactive,2,,2.645,,,,,,,,
2015-07-04,2015-07-04,48,inactive,,,,,,,,,,,
2015-07-04,2015-07-04,49,inactive,,,,,,,,,,,
2015-07-04,2015-07-04,54,inactive,,,,,,,,,,,
2015-07-04,2015-07-04,52,inactive,,,,,,,,,,,
2015-07-03,2015-07-03,46,inactive,,,,,,,,,,,
2015-07-03,2015-07-03,53,inactive,,,,,,,,,,,
2015-07-03,2015-07-03,52,inactive,1,,2.13,,,,,,,,
2015-07-03,2015-07-03,48,inactive,,,,,,,,,,,
2015-07-03,2015-07-03,47,inactive,,,,,,,,,,,
2015-07-03,2015-07-03,55,inactive,,,,,,,,,,,
2015-07-03,2015-07-03,56,inactive,2,,1.485,,,,,,,,
2015-07-03,2015-07-03,49,inactive,,,,,,,,,,,
2015-07-03,2015-07-03,54,inactive,,,,,,,,,,,
2015-07-03,2015-07-03,45,inactive,2,,2.465,,,,,,,,
2015-07-02,2015-07-02,46,inactive,1,,3,,,,,,,,
2015-07-02,2015-07-02,49,inactive,,,,,,,,,,,
2015-07-02,2015-07-02,54,inactive,,,,,,,,,,,
2015-07-02,2015-07-02,53,inactive,,,,,,,,,,,
2015-07-02,2015-07-02,56,inactive,,,,,,,,,,,
2015-07-02,2015-07-02,45,inactive,2,,1.47,,,,,,,,
2015-07-02,2015-07-02,55,inactive,,,,,,,,,,,
2015-07-02,2015-07-02,44,inactive,1,,2.97,,,,,,,,
2015-07-02,2015-07-02,50,inactive,1,,2.99,,,,,,,,
2015-07-02,2015-07-02,52,inactive,2,,2.375,,,,,,,,
2015-07-02,2015-07-02,48,inactive,,,,,,,,,,,
2015-07-02,2015-07-02,51,inactive,2,,2.985,,,,,,,,
2015-07-01,2015-07-01,49,inactive,,,,,,,,,,,
2015-07-01,2015-07-01,46,inactive,,,,,,,,,,,
2015-07-01,2015-07-01,48,inactive,,,,,,,,,,,
2015-07-01,2015-07-01,47,inactive,,,,,,,,,,,
2015-07-01,2015-07-01,45,inactive,,,,,,,,,,,
2015-07-01,2015-07-01,55,inactive,,,,,,,,,,,
2015-07-01,2015-07-01,54,inactive,,,,,,,,,,,
2015-07-01,2015-07-01,56,inactive,,,,,,,,,,,
2015-07-01,2015-07-01,51,inactive,,,,,,,,,,,
2015-06-30,2015-06-30,54,inactive,,,,,,,,,,,
2015-06-30,2015-06-30,55,inactive,,,,,,,,,,,
2015-06-30,2015-06-30,50,inactive,4,,1.43,,,,,,,,
2015-06-30,2015-06-30,44,inactive,,,,,,,,,,,
2015-06-30,2015-06-30,53,inactive,,,,,,,,,,,
2015-06-30,2015-06-30,45,inactive,2,,1.5,,,,,,,,
2015-06-30,2015-06-30,47,inactive,,,,,,,,,,,
2015-06-30,2015-06-30,48,inactive,,,,,,,,,,,
2015-06-30,2015-06-30,56,inactive,1,,0,,,,,,,,
2015-06-30,2015-06-30,49,inactive,,,,,,,,,,,
2015-06-30,2015-06-30,52,inactive,,,,,,,,,,,
2015-06-29,2015-06-29,45,inactive,5,,2.816,,,,,,,,
2015-06-29,2015-06-29,44,inactive,,,,,,,,,,,
2015-06-29,2015-06-29,53,inactive,,,,,,,,,,,
2015-06-29,2015-06-29,54,inactive,,,,,,,,,,,
2015-06-29,2015-06-29,55,inactive,1,,0,,,,,,,,
2015-06-29,2015-06-29,49,inactive,1,,0,,,,,,,,
2015-06-29,2015-06-29,52,inactive,,,,,,,,,,,
2015-06-29,2015-06-29,50,inactive,12,,2.385833333,,,,,,,,
2015-06-29,2015-06-29,48,inactive,,,,,,,,,,,
2015-06-29,2015-06-29,46,inactive,,,,,,,,,,,
2015-06-28,2015-06-28,52,inactive,,,,,,,,,,,
2015-06-28,2015-06-28,45,inactive,,,,,,,,,,,
2015-06-28,2015-06-28,53,inactive,,,,,,,,,,,
2015-06-28,2015-06-28,54,inactive,,,,,,,,,,,
2015-06-28,2015-06-28,56,inactive,,,,,,,,,,,
2015-06-28,2015-06-28,55,inactive,,,,,,,,,,,
2015-06-28,2015-06-28,47,inactive,,,,,,,,,,,
2015-06-28,2015-06-28,48,inactive,,,,,,,,,,,
2015-06-28,2015-06-28,51,inactive,,,,,,,,,,,
2015-06-28,2015-06-28,49,inactive,,,,,,,,,,,
2015-06-28,2015-06-28,50,inactive,,,,,,,,,,,
2015-06-28,2015-06-28,44,inactive,,,,,,,,,,,
2015-06-23,2015-06-23,52,inactive,,,,,,,,,,,
2015-06-23,2015-06-23,50,inactive,,,,,,,,,,,
2015-06-23,2015-06-23,48,inactive,,,,,,,,,,,
2015-06-23,2015-06-23,47,inactive,,,,,,,,,,,
2015-06-23,2015-06-23,44,inactive,2,,2.99,,,,,,,,
2015-06-23,2015-06-23,53,inactive,,,,,,,,,,,
2015-06-23,2015-06-23,56,inactive,,,,,,,,,,,
2015-06-23,2015-06-23,54,inactive,,,,,,,,,,,
2015-06-23,2015-06-23,49,inactive,,,,,,,,,,,
2015-06-23,2015-06-23,45,inactive,,,,,,,,,,,
2015-06-23,2015-06-23,51,inactive,,,,,,,,,,,
2015-06-22,2015-06-22,52,inactive,,,,,,,,,,,
2015-06-22,2015-06-22,56,inactive,,,,,,,,,,,
2015-06-22,2015-06-22,47,inactive,,,,,,,,,,,
2015-06-22,2015-06-22,55,inactive,,,,,,,,,,,
2015-06-22,2015-06-22,48,inactive,,,,,,,,,,,
2015-06-22,2015-06-22,44,inactive,3,,1.993333333,,,,,,,,
2015-06-22,2015-06-22,45,inactive,1,,0.03,,,,,,,,
2015-06-22,2015-06-22,53,inactive,,,,,,,,,,,
2015-06-22,2015-06-22,54,inactive,,,,,,,,,,,
2015-06-22,2015-06-22,50,inactive,2,,1.485,,,,,,,,
2015-06-22,2015-06-22,49,inactive,,,,,,,,,,,
2015-06-21,2015-06-21,48,inactive,,,,,,,,,,,
2015-06-21,2015-06-21,52,inactive,5,,2.304,,,,,,,,
2015-06-21,2015-06-21,56,inactive,,,,,,,,,,,
2015-06-21,2015-06-21,54,inactive,,,,,,,,,,,
2015-06-21,2015-06-21,53,inactive,,,,,,,,,,,
2015-06-21,2015-06-21,55,inactive,,,,,,,,,,,
2015-06-21,2015-06-21,44,inactive,2,,2.78,,,,,,,,
2015-06-21,2015-06-21,47,inactive,,,,,,,,,,,
2015-06-21,2015-06-21,49,inactive,,,,,,,,,,,
2015-06-20,2015-06-20,45,inactive,1,,2.91,,,,,,,,
2015-06-20,2015-06-20,50,inactive,3,,2.816666667,,,,,,,,
2015-06-20,2015-06-20,53,inactive,,,,,,,,,,,
2015-06-20,2015-06-20,44,inactive,3,,1.996666667,,,,,,,,
2015-06-20,2015-06-20,51,inactive,1,,2.77,,,,,,,,
2015-06-20,2015-06-20,56,inactive,,,,,,,,,,,
2015-06-20,2015-06-20,55,inactive,,,,,,,,,,,
2015-06-20,2015-06-20,48,inactive,,,,,,,,,,,
2015-06-20,2015-06-20,54,inactive,,,,,,,,,,,
2015-06-20,2015-06-20,47,inactive,,,,,,,,,,,
2015-06-20,2015-06-20,49,inactive,1,,2.45,,,,,,,,
2015-06-19,2015-06-19,48,inactive,,,,,,,,,,,
2015-06-19,2015-06-19,44,inactive,6,,2.783333333,,,,,,,,
2015-06-19,2015-06-19,56,inactive,,,,,,,,,,,
2015-06-19,2015-06-19,54,inactive,,,,,,,,,,,
2015-06-19,2015-06-19,49,inactive,,,,,,,,,,,
2015-06-19,2015-06-19,50,inactive,4,,1.3275,,,,,,,,
2015-06-19,2015-06-19,45,inactive,2,,1.47,,,,,,,,
2015-06-19,2015-06-19,55,inactive,,,,,,,,,,,
2015-06-19,2015-06-19,47,inactive,,,,,,,,,,,
2015-06-19,2015-06-19,52,inactive,3,,2.393333333,,,,,,,,
2015-06-18,2015-06-18,56,inactive,,,,,,,,,,,
2015-06-18,2015-06-18,53,inactive,,,,,,,,,,,
2015-06-18,2015-06-18,52,inactive,,,,,,,,,,,
2015-06-18,2015-06-18,44,inactive,3,,1.983333333,,,,,,,,
2015-06-18,2015-06-18,45,inactive,,,,,,,,,,,
2015-06-18,2015-06-18,51,inactive,4,,0.75,,,,,,,,
2015-06-18,2015-06-18,55,inactive,,,,,,,,,,,
2015-06-18,2015-06-18,49,inactive,,,,,,,,,,,
2015-06-18,2015-06-18,54,inactive,,,,,,,,,,,
2015-06-18,2015-06-18,48,inactive,1,,2.5,,,,,,,,
2015-06-18,2015-06-18,47,inactive,,,,,,,,,,,
2015-06-17,2015-06-17,51,inactive,1,,1.64,,,,,,,,
2015-06-17,2015-06-17,49,inactive,1,,0,,,,,,,,
2015-06-17,2015-06-17,54,inactive,,,,,,,,,,,
2015-06-17,2015-06-17,50,inactive,,,,,,,,,,,
2015-06-17,2015-06-17,48,inactive,,,,,,,,,,,
2015-06-17,2015-06-17,45,inactive,,,,,,,,,,,
2015-06-17,2015-06-17,56,inactive,,,,,,,,,,,
2015-06-17,2015-06-17,53,inactive,,,,,,,,,,,
2015-06-17,2015-06-17,44,inactive,2,,1.39,,,,,,,,
2015-06-17,2015-06-17,55,inactive,,,,,,,,,,,
2015-06-17,2015-06-17,47,inactive,,,,,,,,,,,
2015-06-16,2015-06-16,48,inactive,1,,0,,,,,,,,
2015-06-16,2015-06-16,55,inactive,,,,,,,,,,,
2015-06-16,2015-06-16,52,inactive,1,,2.28,,,,,,,,
2015-06-16,2015-06-16,49,inactive,2,,1.235,,,,,,,,
2015-06-16,2015-06-16,51,inactive,,,,,,,,,,,
2015-06-16,2015-06-16,45,inactive,,,,,,,,,,,
2015-06-16,2015-06-16,56,inactive,,,,,,,,,,,
2015-06-16,2015-06-16,50,inactive,2,,1.08,,,,,,,,
2015-06-16,2015-06-16,47,inactive,,,,,,,,,,,
2015-06-16,2015-06-16,54,inactive,,,,,,,,,,,
2015-06-15,2015-06-15,49,inactive,,,,,,,,,,,
2015-06-15,2015-06-15,47,inactive,,,,,,,,,,,
2015-06-15,2015-06-15,50,inactive,,,,,,,,,,,
2015-06-15,2015-06-15,54,inactive,,,,,,,,,,,
2015-06-15,2015-06-15,51,inactive,2,,2.195,,,,,,,,
2015-06-15,2015-06-15,44,inactive,,,,,,,,,,,
2015-06-15,2015-06-15,48,inactive,,,,,,,,,,,
2015-06-14,2015-06-14,47,inactive,,,,,,,,,,,
2015-06-14,2015-06-14,51,inactive,3,,2.69,,,,,,,,
2015-06-14,2015-06-14,49,inactive,,,,,,,,,,,
2015-06-14,2015-06-14,48,inactive,,,,,,,,,,,
2015-06-14,2015-06-14,54,inactive,,,,,,,,,,,
2015-06-14,2015-06-14,44,inactive,,,,,,,,,,,
2015-06-13,2015-06-13,54,inactive,,,,,,,,,,,
2015-06-13,2015-06-13,50,inactive,,,,,,,,,,,
2015-06-13,2015-06-13,47,inactive,,,,,,,,,,,
2015-06-13,2015-06-13,51,inactive,,,,,,,,,,,
2015-06-13,2015-06-13,44,inactive,,,,,,,,,,,
2015-06-13,2015-06-13,48,inactive,,,,,,,,,,,
2015-06-12,2015-06-12,50,inactive,,,,,,,,,,,
2015-06-12,2015-06-12,44,inactive,,,,,,,,,,,
2015-06-12,2015-06-12,54,inactive,,,,,,,,,,,
2015-06-12,2015-06-12,51,inactive,1,,2.29,,,,,,,,
2015-06-12,2015-06-12,47,inactive,,,,,,,,,,,
2015-06-11,2015-06-11,50,inactive,,,,,,,,,,,
2015-06-11,2015-06-11,54,inactive,,,,,,,,,,,
2015-06-11,2015-06-11,47,inactive,,,,,,,,,,,
2015-06-11,2015-06-11,51,inactive,3,,1.616666667,,,,,,,,
2015-06-11,2015-06-11,44,inactive,,,,,,,,,,,
2015-06-10,2015-06-10,54,inactive,,,,,,,,,,,
2015-06-10,2015-06-10,51,inactive,1,,2.68,,,,,,,,
2015-06-10,2015-06-10,50,inactive,,,,,,,,,,,
2015-06-10,2015-06-10,47,inactive,1,,3.13,,,,,,,,
2015-06-09,2015-06-09,51,inactive,4,,1.265,,,,,,,,
2015-06-09,2015-06-09,47,inactive,1,,0,,,,,,,,
2015-07-06,2015-07-06,57,inactive,,,,,,,,,,,
2015-07-05,2015-07-05,57,inactive,,,,,,,,,,,
2015-07-04,2015-07-04,57,inactive,,,,,,,,,,,
2015-07-03,2015-07-03,57,inactive,,,,,,,,,,,
2015-07-02,2015-07-02,57,inactive,,,,,,,,,,,
2015-07-01,2015-07-01,57,inactive,,,,,,,,,,,
2015-06-30,2015-06-30,57,inactive,,,,,,,,,,,
2015-06-29,2015-06-29,57,inactive,,,,,,,,,,,
2015-06-28,2015-06-28,57,inactive,,,,,,,,,,,
2015-06-23,2015-06-23,57,inactive,,,,,,,,,,,
2015-06-22,2015-06-22,57,inactive,,,,,,,,,,,
2015-06-21,2015-06-21,57,inactive,,,,,,,,,,,
2015-06-20,2015-06-20,57,inactive,,,,,,,,,,,
2015-06-19,2015-06-19,57,inactive,,,,,,,,,,,
2015-06-18,2015-06-18,57,inactive,,,,,,,,,,,
2015-06-17,2015-06-17,57,inactive,,,,,,,,,,,
2015-06-14,2015-06-14,57,inactive,,,,,,,,,,,
2016-04-01,2016-04-01,58,inactive,13,,0.56,,,,,,,,
2016-03-18,2016-03-18,58,inactive,18,,0.9055555556,,,,,,,,
2016-03-15,2016-03-15,58,inactive,25,,0.652,,,,,,,,
2016-03-02,2016-03-02,58,inactive,22,,0.7409090909,,,,,,,1,
2016-01-31,2016-01-31,58,inactive,50,,0.6598,,,,,,,,1
2015-12-24,2015-12-24,58,inactive,12,,1.573333333,,,,,,,,
2015-09-22,2015-09-22,58,inactive,27,,1.217407407,,,,,,,,
2015-07-16,2015-07-16,58,inactive,,,,,,,,,,,
2015-07-15,2015-07-15,58,inactive,,,,,,,,,,,
2015-07-14,2015-07-14,58,inactive,,,,,,,,,,,
2015-07-13,2015-07-13,58,inactive,,,,,,,,,,,
2015-07-12,2015-07-12,58,inactive,,,,,,,,,,,
2015-07-10,2015-07-10,59,inactive,,,,,,,,,,,
2015-07-10,2015-07-10,60,inactive,,,,,,,,,,,
2015-07-10,2015-07-10,61,inactive,,,,,,,,,,,
2015-07-10,2015-07-10,58,inactive,,,,,,,,,,,
2015-07-09,2015-07-09,58,inactive,,,,,,,,,,,
2015-07-09,2015-07-09,59,inactive,,,,,,,,,,,
2015-07-09,2015-07-09,61,inactive,,,,,,,,,,,
2015-07-09,2015-07-09,62,inactive,,,,,,,,,,,
2015-07-09,2015-07-09,60,inactive,,,,,,,,,,,
2015-07-08,2015-07-08,61,inactive,,,,,,,,,,,
2015-07-08,2015-07-08,59,inactive,,,,,,,,,,,
2015-07-08,2015-07-08,63,inactive,,,,,,,,,,,
2015-07-08,2015-07-08,60,inactive,1,,2.9,,,,,,,,
2015-07-08,2015-07-08,64,inactive,,,,,,,,,,,
2015-07-07,2015-07-07,62,inactive,,,,,,,,,,,
2015-07-07,2015-07-07,59,inactive,,,,,,,,,,,
2015-07-07,2015-07-07,60,inactive,2,,1.45,,,,,,,,
2015-07-07,2015-07-07,61,inactive,3,,1.636666667,,,,,,,,
2015-07-07,2015-07-07,65,inactive,,,,,,,,,,,
2015-07-07,2015-07-07,66,inactive,,,,,,,,,,,
2015-07-07,2015-07-07,63,inactive,,,,,,,,,,,
2015-07-07,2015-07-07,58,inactive,1,,2.44,,,,,,,,
2015-07-07,2015-07-07,64,inactive,,,,,,,,,,,
2015-07-07,2015-07-07,67,inactive,,,,,,,,,,,
2015-07-06,2015-07-06,61,inactive,8,,1.54125,,,,,,,,
2015-07-06,2015-07-06,59,inactive,,,,,,,,,,,
2015-07-06,2015-07-06,65,inactive,,,,,,,,,,,
2015-07-06,2015-07-06,66,inactive,,,,,,,,,,,
2015-07-06,2015-07-06,67,inactive,,,,,,,,,,,
2015-07-06,2015-07-06,64,inactive,,,,,,,,,,,
2015-07-06,2015-07-06,62,inactive,,,,,,,,,,,
2015-07-06,2015-07-06,68,inactive,,,,,,,,,,,
2015-07-06,2015-07-06,63,inactive,1,,2.49,,,,,,,,
2015-07-06,2015-07-06,60,inactive,2,,2.69,,,,,,,,
2015-07-06,2015-07-06,58,inactive,,,,,,,,,,,
2015-07-05,2015-07-05,63,inactive,,,,,,,,,,,
2015-07-05,2015-07-05,58,inactive,2,,2.41,,,,,,,,
2015-07-05,2015-07-05,66,inactive,,,,,,,,,,,
2015-07-05,2015-07-05,65,inactive,,,,,,,,,,,
2015-07-05,2015-07-05,59,inactive,,,,,,,,,,,
2015-07-05,2015-07-05,62,inactive,,,,,,,,,,,
2015-07-05,2015-07-05,68,inactive,,,,,,,,,,,
2015-07-05,2015-07-05,67,inactive,,,,,,,,,,,
2015-07-05,2015-07-05,64,inactive,,,,,,,,,,,
2015-07-05,2015-07-05,61,inactive,6,,2.446666667,,,,,,,,
2015-07-05,2015-07-05,60,inactive,2,,2.5,,,,,,,,
2015-07-04,2015-07-04,61,inactive,3,,2.973333333,,,,,,,,
2015-07-04,2015-07-04,63,inactive,,,,,,,,,,,
2015-07-04,2015-07-04,65,inactive,,,,,,,,,,,
2015-07-04,2015-07-04,58,inactive,,,,,,,,,,,
2015-07-04,2015-07-04,66,inactive,,,,,,,,,,,
2015-07-04,2015-07-04,68,inactive,,,,,,,,,,,
2015-07-03,2015-07-03,65,inactive,,,,,,,,,,,
2015-07-03,2015-07-03,68,inactive,,,,,,,,,,,
2015-07-03,2015-07-03,58,inactive,2,,2.355,,,,,,,,
2015-07-03,2015-07-03,66,inactive,,,,,,,,,,,
2015-07-03,2015-07-03,62,inactive,,,,,,,,,,,
2015-07-03,2015-07-03,63,inactive,,,,,,,,,,,
2015-07-02,2015-07-02,63,inactive,,,,,,,,,,,
2015-07-02,2015-07-02,65,inactive,,,,,,,,,,,
2015-07-02,2015-07-02,66,inactive,,,,,,,,,,,
2015-07-02,2015-07-02,68,inactive,,,,,,,,,,,
2015-07-02,2015-07-02,58,inactive,,,,,,,,,,,
2015-07-02,2015-07-02,60,inactive,1,,2.46,,,,,,,,
2015-07-01,2015-07-01,68,inactive,,,,,,,,,,,
2015-07-01,2015-07-01,65,inactive,,,,,,,,,,,
2015-07-01,2015-07-01,66,inactive,,,,,,,,,,,
2015-07-01,2015-07-01,60,inactive,,,,,,,,,,,
2015-07-01,2015-07-01,63,inactive,,,,,,,,,,,
2015-07-01,2015-07-01,58,inactive,,,,,,,,,,,
2015-07-01,2015-07-01,69,inactive,15,,2.721333333,,,,,,,,
2015-06-30,2015-06-30,65,inactive,,,,,,,,,,,
2015-06-30,2015-06-30,64,inactive,,,,,,,,,,,
2015-06-30,2015-06-30,63,inactive,,,,,,,,,,,
2015-06-30,2015-06-30,67,inactive,,,,,,,,,,,
2015-06-30,2015-06-30,66,inactive,,,,,,,,,,,
2015-06-30,2015-06-30,58,inactive,,,,,,,,,,,
2015-06-30,2015-06-30,60,inactive,1,,2.5,,,,,,,,
2015-06-30,2015-06-30,68,inactive,,,,,,,,,,,
2015-06-29,2015-06-29,67,inactive,1,,0,,,,,,,,
2015-06-29,2015-06-29,58,inactive,1,,0,,,,,,,,
2015-06-29,2015-06-29,66,inactive,,,,,,,,,,,
2015-06-29,2015-06-29,62,inactive,,,,,,,,,,,
2015-06-29,2015-06-29,60,inactive,2,,2.165,,,,,,,,
2015-06-29,2015-06-29,68,inactive,,,,,,,,,,,
2015-06-29,2015-06-29,65,inactive,,,,,,,,,,,
2015-06-29,2015-06-29,63,inactive,,,,,,,,,,,
2015-06-29,2015-06-29,61,inactive,13,,2.259230769,,,,,,,,
2015-06-28,2015-06-28,60,inactive,1,,2.41,,,,,,,,
2015-06-28,2015-06-28,58,inactive,,,,,,,,,,,
2015-06-28,2015-06-28,61,inactive,,,,,,,,,,,
2015-06-28,2015-06-28,66,inactive,,,,,,,,,,,
2015-06-28,2015-06-28,68,inactive,,,,,,,,,,,
2015-06-28,2015-06-28,69,inactive,3,,1.36,,,,,,,,
2015-06-28,2015-06-28,63,inactive,,,,,,,,,,,
2015-06-28,2015-06-28,65,inactive,,,,,,,,,,,
2015-06-23,2015-06-23,68,inactive,,,,,,,,,,,
2015-06-23,2015-06-23,58,inactive,,,,,,,,,,,
2015-06-23,2015-06-23,59,inactive,,,,,,,,,,,
2015-06-23,2015-06-23,63,inactive,,,,,,,,,,,
2015-06-23,2015-06-23,65,inactive,,,,,,,,,,,
2015-06-23,2015-06-23,69,inactive,1,,2.97,,,,,,,,
2015-06-23,2015-06-23,61,inactive,,,,,,,,,,,
2015-06-23,2015-06-23,60,inactive,1,,2.49,,,,,,,,
2015-06-22,2015-06-22,66,inactive,,,,,,,,,,,
2015-06-22,2015-06-22,63,inactive,,,,,,,,,,,
2015-06-22,2015-06-22,58,inactive,,,,,,,,,,,
2015-06-22,2015-06-22,61,inactive,,,,,,,,,,,
2015-06-22,2015-06-22,68,inactive,,,,,,,,,,,
2015-06-22,2015-06-22,60,inactive,1,,2.49,,,,,,,,
2015-06-22,2015-06-22,69,inactive,8,,2.47375,,,,,,,,
2015-06-22,2015-06-22,62,inactive,,,,,,,,,,,
2015-06-22,2015-06-22,59,inactive,,,,,,,,,,,
2015-06-22,2015-06-22,65,inactive,,,,,,,,,,,
2015-06-22,2015-06-22,64,inactive,,,,,,,,,,,
2015-06-21,2015-06-21,64,inactive,,,,,,,,,,,
2015-06-21,2015-06-21,66,inactive,,,,,,,,,,,
2015-06-21,2015-06-21,62,inactive,,,,,,,,,,,
2015-06-21,2015-06-21,58,inactive,,,,,,,,,,,
2015-06-21,2015-06-21,65,inactive,,,,,,,,,,,
2015-06-21,2015-06-21,63,inactive,,,,,,,,,,,
2015-06-21,2015-06-21,61,inactive,,,,,,,,,,,
2015-06-21,2015-06-21,59,inactive,,,,,,,,,,,
2015-06-21,2015-06-21,68,inactive,1,,2.8,,,,,,,,
2015-06-21,2015-06-21,60,inactive,,,,,,,,,,,
2015-06-21,2015-06-21,67,inactive,,,,,,,,,,,
2015-06-20,2015-06-20,68,inactive,1,,0.43,,,,,,,,
2015-06-20,2015-06-20,69,inactive,4,,1.0125,,,,,,,,
2015-06-20,2015-06-20,61,inactive,,,,,,,,,,,
2015-06-20,2015-06-20,64,inactive,,,,,,,,,,,
2015-06-20,2015-06-20,59,inactive,,,,,,,,,,,
2015-06-20,2015-06-20,63,inactive,,,,,,,,,,,
2015-06-20,2015-06-20,60,inactive,1,,2.05,,,,,,,,
2015-06-20,2015-06-20,58,inactive,,,,,,,,,,,
2015-06-20,2015-06-20,66,inactive,,,,,,,,,,,
2015-06-20,2015-06-20,65,inactive,,,,,,,,,,,
2015-06-19,2015-06-19,60,inactive,2,,2.44,,,,,,,,
2015-06-19,2015-06-19,64,inactive,,,,,,,,,,,
2015-06-19,2015-06-19,58,inactive,1,,0,,,,,,,,
2015-06-19,2015-06-19,66,inactive,,,,,,,,,,,
2015-06-19,2015-06-19,69,inactive,2,,2.97,,,,,,,,
2015-06-19,2015-06-19,65,inactive,,,,,,,,,,,
2015-06-19,2015-06-19,68,inactive,,,,,,,,,,,
2015-06-19,2015-06-19,63,inactive,,,,,,,,,,,
2015-06-19,2015-06-19,61,inactive,,,,,,,,,,,
2015-06-18,2015-06-18,58,inactive,,,,,,,,,,,
2015-06-18,2015-06-18,59,inactive,,,,,,,,,,,
2015-06-18,2015-06-18,65,inactive,,,,,,,,,,,
2015-06-18,2015-06-18,66,inactive,,,,,,,,,,,
2015-06-18,2015-06-18,61,inactive,,,,,,,,,,,
2015-06-18,2015-06-18,67,inactive,,,,,,,,,,,
2015-06-18,2015-06-18,63,inactive,,,,,,,,,,,
2015-06-18,2015-06-18,69,inactive,2,,2.87,,,,,,,,
2015-06-18,2015-06-18,60,inactive,,,,,,,,,,,
2015-06-18,2015-06-18,68,inactive,,,,,,,,,,,
2015-06-17,2015-06-17,60,inactive,,,,,,,,,,,
2015-06-17,2015-06-17,69,inactive,,,,,,,,,,,
2015-06-17,2015-06-17,64,inactive,,,,,,,,,,,
2015-06-17,2015-06-17,66,inactive,,,,,,,,,,,
2015-06-17,2015-06-17,63,inactive,,,,,,,,,,,
2015-06-17,2015-06-17,65,inactive,,,,,,,,,,,
2015-06-17,2015-06-17,68,inactive,,,,,,,,,,,
2015-06-17,2015-06-17,61,inactive,,,,,,,,,,,
2015-06-17,2015-06-17,58,inactive,,,,,,,,,,,
2015-06-17,2015-06-17,59,inactive,,,,,,,,,,,
2015-06-16,2015-06-16,63,inactive,,,,,,,,,,,
2015-06-16,2015-06-16,58,inactive,,,,,,,,,,,
2015-06-16,2015-06-16,61,inactive,,,,,,,,,,,
2015-06-16,2015-06-16,68,inactive,,,,,,,,,,,
2015-06-16,2015-06-16,66,inactive,,,,,,,,,,,
2015-06-16,2015-06-16,65,inactive,,,,,,,,,,,
2015-06-16,2015-06-16,59,inactive,,,,,,,,,,,
2015-06-16,2015-06-16,64,inactive,,,,,,,,,,,
2015-06-16,2015-06-16,60,inactive,1,,0,,,,,,,,
2015-06-16,2015-06-16,69,inactive,1,,2.41,,,,,,,,
2015-06-15,2015-06-15,59,inactive,,,,,,,,,,,
2015-06-15,2015-06-15,68,inactive,,,,,,,,,,,
2015-06-15,2015-06-15,63,inactive,,,,,,,,,,,
2015-06-15,2015-06-15,65,inactive,,,,,,,,,,,
2015-06-15,2015-06-15,61,inactive,,,,,,,,,,,
2015-06-15,2015-06-15,69,inactive,,,,,,,,,,,
2015-06-15,2015-06-15,58,inactive,,,,,,,,,,,
2015-06-15,2015-06-15,66,inactive,,,,,,,,,,,
2015-06-15,2015-06-15,70,inactive,,,,,,,,,,,
2015-06-15,2015-06-15,64,inactive,,,,,,,,,,,
2015-06-14,2015-06-14,64,inactive,,,,,,,,,,,
2015-06-14,2015-06-14,59,inactive,,,,,,,,,,,
2015-06-14,2015-06-14,61,inactive,1,,3.75,,,,,,,,
2015-06-14,2015-06-14,68,inactive,,,,,,,,,,,
2015-06-14,2015-06-14,63,inactive,1,,0.2,,,,,,,,
2015-06-14,2015-06-14,65,inactive,,,,,,,,,,,
2015-06-14,2015-06-14,62,inactive,,,,,,,,,,,
2015-06-14,2015-06-14,58,inactive,,,,,,,,,,1,
2015-06-13,2015-06-13,61,inactive,,,,,,,,,,,
2015-06-13,2015-06-13,64,inactive,,,,,,,,,,,
2015-06-13,2015-06-13,63,inactive,1,,2.38,,,,,,,,
2015-06-13,2015-06-13,68,inactive,,,,,,,,,,,
2015-06-13,2015-06-13,69,inactive,2,,2.475,,,,,,,,
2015-06-13,2015-06-13,66,inactive,,,,,,,,,,,
2015-06-13,2015-06-13,58,inactive,,,,,,,,,,,
2015-06-13,2015-06-13,65,inactive,1,,2.51,,,,,,,,
2015-06-12,2015-06-12,61,inactive,1,,3.42,,,,,,,,
2015-06-12,2015-06-12,69,inactive,,,,,,,,,,,
2015-06-12,2015-06-12,68,inactive,,,,,,,,,,,
2015-06-12,2015-06-12,58,inactive,,,,,,,,,,,
2015-06-12,2015-06-12,63,inactive,,,,,,,,,,,
2015-06-12,2015-06-12,59,inactive,,,,,,,,,,,
2015-06-12,2015-06-12,65,inactive,,,,,,,,,,,
2015-06-11,2015-06-11,65,inactive,,,,,,,,,,,
2015-06-11,2015-06-11,63,inactive,,,,,,,,,,,
2015-06-11,2015-06-11,58,inactive,,,,,,,,,,,
2015-06-11,2015-06-11,61,inactive,,,,,,,,,,,
2015-06-11,2015-06-11,62,inactive,,,,,,,,,,,
2015-06-11,2015-06-11,59,inactive,,,,,,,,,,,
2015-06-11,2015-06-11,64,inactive,,,,,,,,,,,
2015-06-11,2015-06-11,69,inactive,2,,2.05,,,,,,,,
2015-06-11,2015-06-11,68,inactive,,,,,,,,,,,
2015-06-11,2015-06-11,66,inactive,,,,,,,,,,,
2015-06-10,2015-06-10,65,inactive,,,,,,,,,,,
2015-06-10,2015-06-10,69,inactive,,,,,,,,,,,
2015-06-10,2015-06-10,67,inactive,,,,,,,,,,,
2015-06-10,2015-06-10,66,inactive,,,,,,,,,,,
2015-06-10,2015-06-10,64,inactive,,,,,,,,,,,
2015-06-10,2015-06-10,58,inactive,,,,,,,,,,,
2015-06-10,2015-06-10,61,inactive,,,,,,,,,,,
2015-06-10,2015-06-10,62,inactive,,,,,,,,,,,
2015-06-10,2015-06-10,68,inactive,,,,,,,,,,,
2015-06-10,2015-06-10,59,inactive,,,,,,,,,,,
2015-06-10,2015-06-10,63,inactive,,,,,,,,,,,
2015-06-09,2015-06-09,68,inactive,,,,,,,,,,,
2015-06-09,2015-06-09,58,inactive,,,,,,,,,,,
2015-06-09,2015-06-09,69,inactive,1,,1.28,,,,,,,,
2015-06-09,2015-06-09,66,inactive,,,,,,,,,,,
2015-06-09,2015-06-09,63,inactive,,,,,,,,,,,
2015-06-09,2015-06-09,65,inactive,1,,2.46,,,,,,,,
2015-06-09,2015-06-09,64,inactive,,,,,,,,,,,
2015-06-09,2015-06-09,62,inactive,,,,,,,,,,,
2015-06-08,2015-06-08,67,inactive,,,,,,,,,,,
2015-06-08,2015-06-08,65,inactive,1,,2.46,,,,,,,,
2015-06-08,2015-06-08,64,inactive,,,,,,,,,,,
2015-06-08,2015-06-08,63,inactive,1,,1.73,,,,,,,,
2015-06-08,2015-06-08,66,inactive,,,,,,,,,,,
2015-06-07,2015-06-07,67,inactive,,,,,,,,,,,
2015-06-07,2015-06-07,63,inactive,,,,,,,,,,,
2015-06-07,2015-06-07,70,inactive,,,,,,,,,,,
2015-06-07,2015-06-07,64,inactive,,,,,,,,,,,
2015-06-07,2015-06-07,66,inactive,,,,,,,,,,,
2015-06-07,2015-06-07,65,inactive,,,,,,,,,,,
2015-06-06,2015-06-06,64,inactive,,,,,,,,,,,
2015-06-06,2015-06-06,63,inactive,1,,2.34,,,,,,,,
2015-06-06,2015-06-06,67,inactive,,,,,,,,,,,
2015-06-06,2015-06-06,65,inactive,,,,,,,,,,,
2015-06-06,2015-06-06,66,inactive,,,,,,,,,,,
2015-06-06,2015-06-06,70,inactive,,,,,,,,,,,
2015-06-05,2015-06-05,64,inactive,,,,,,,,,,,
2015-06-05,2015-06-05,65,inactive,,,,,,,,,,,
2015-06-05,2015-06-05,70,inactive,,,,,,,,,,,
2015-06-05,2015-06-05,66,inactive,,,,,,,,,,,
2015-06-05,2015-06-05,67,inactive,,,,,,,,,,,
2015-06-05,2015-06-05,63,inactive,,,,,,,,,,,
2015-06-04,2015-06-04,66,inactive,1,,2.42,,,,,,,,
2015-06-04,2015-06-04,67,inactive,,,,,,,,,,,
2015-06-04,2015-06-04,70,inactive,,,,,,,,,,,
2015-06-04,2015-06-04,65,inactive,,,,,,,,,,,
2015-06-04,2015-06-04,63,inactive,2,,1.235,,,,,,,,
2015-06-04,2015-06-04,58,inactive,,,,,,,,,,,
2015-06-04,2015-06-04,64,inactive,,,,,,,,,,,
2015-06-03,2015-06-03,67,inactive,,,,,,,,,,,
2015-06-03,2015-06-03,66,inactive,,,,,,,,,,,
2015-06-03,2015-06-03,65,inactive,,,,,,,,,,,
2015-06-03,2015-06-03,64,inactive,,,,,,,,,,,
2015-06-03,2015-06-03,63,inactive,3,,0.8033333333,,,,,,,,
2015-06-02,2015-06-02,63,inactive,8,,1.50375,,,,,,,,
2015-06-02,2015-06-02,66,inactive,2,,2.41,,,,,,,,
2015-06-02,2015-06-02,64,inactive,,,,,,,,,,,
2015-05-17,2015-05-17,60,inactive,,,,,,,,,,,
2015-05-14,2015-05-14,60,inactive,,,,,,,,,,,
2015-05-11,2015-05-11,60,inactive,,,,,,,,,,,
2015-05-05,2015-05-05,60,inactive,,,,,,,,,,,
2015-07-09,2015-07-09,71,inactive,,,,,,,,,,,
2015-07-08,2015-07-08,71,inactive,,,,,,,,,,,
2015-07-07,2015-07-07,71,inactive,,,,,,,,,,,
2015-07-06,2015-07-06,71,inactive,,,,,,,,,,,
2015-07-05,2015-07-05,71,inactive,,,,,,,,,,,
2015-07-04,2015-07-04,71,inactive,,,,,,,,,,,
2015-07-03,2015-07-03,71,inactive,,,,,,,,,,,
2015-07-02,2015-07-02,71,inactive,,,,,,,,,,,
2015-07-01,2015-07-01,71,inactive,,,,,,,,,,,
2015-06-30,2015-06-30,71,inactive,1,,1.94,,,,,,,,
2015-06-29,2015-06-29,71,inactive,1,,2.29,,,,,,,,
2015-06-28,2015-06-28,71,inactive,,,,,,,,,,,
2015-06-23,2015-06-23,71,inactive,,,,,,,,,,,
2015-06-22,2015-06-22,71,inactive,,,,,,,,,,,
2015-06-21,2015-06-21,71,inactive,,,,,,,,,,,
2015-06-20,2015-06-20,71,inactive,1,,1,,,,,,,,
2015-06-19,2015-06-19,71,inactive,,,,,,,,,,,
2015-06-18,2015-06-18,71,inactive,,,,,,,,,,,
2015-06-17,2015-06-17,71,inactive,,,,,,,,,,,
2015-06-16,2015-06-16,71,inactive,,,,,,,,,,,
2015-06-15,2015-06-15,71,inactive,,,,,,,,,,,
2015-06-14,2015-06-14,71,inactive,,,,,,,,,,,
2015-06-13,2015-06-13,71,inactive,,,,,,,,,,,
2015-06-12,2015-06-12,71,inactive,,,,,,,,,,,
2015-06-11,2015-06-11,71,inactive,,,,,,,,,,,
2015-05-19,2015-05-19,71,inactive,3,,0.99,,,,,,,,
2015-05-18,2015-05-18,71,inactive,8,,1.25,,,,,,,,
2015-05-16,2015-05-16,71,inactive,,,,,,,,,,,
2015-05-15,2015-05-15,71,inactive,,,,,,,,,,,
2015-05-14,2015-05-14,71,inactive,6,,1.281666667,,,,,,,,
2015-05-12,2015-05-12,71,inactive,9,,1.111111111,,,,,,,,
2015-05-10,2015-05-10,71,inactive,7,,1.428571429,,,,,,,1,1
2015-05-08,2015-05-08,71,inactive,11,,0.9090909091,,,,,,,,
2015-05-07,2015-05-07,71,inactive,2,,1.935,,,,,,,,
2015-05-06,2015-05-06,71,inactive,5,,1.8,,,,,,,,
2015-05-05,2015-05-05,71,inactive,3,,0.3333333333,,,,,,,,
2015-05-03,2015-05-03,71,inactive,4,,1.09,,,,,,,,
2015-05-02,2015-05-02,71,inactive,2,,1,,,,,,,,
2015-05-01,2015-05-01,71,inactive,2,,1,,,,,,,,
2015-04-30,2015-04-30,71,inactive,3,,1.37,,,,,,,,
2015-04-29,2015-04-29,71,inactive,,,,,,,,,,,
2015-04-28,2015-04-28,71,inactive,,,,,,,,,,,
2015-04-27,2015-04-27,71,inactive,1,,0,,,,,,,,
2015-04-26,2015-04-26,71,inactive,,,,,,,,,,,
2015-04-25,2015-04-25,71,inactive,,,,,,,,,,,
2015-04-24,2015-04-24,71,inactive,,,,,,,,,,,
2015-04-23,2015-04-23,71,inactive,,,,,,,,,,,
2015-04-22,2015-04-22,71,inactive,,,,,,,,,,,
2015-04-21,2015-04-21,71,inactive,,,,,,,,,,,
2015-09-30,2015-09-30,72,inactive,35,,0.5351428571,,,,,,,,
2015-09-29,2015-09-29,72,inactive,3,,2.53,,,,,,,,
2015-07-10,2015-07-10,73,inactive,,,,,,,,,,,
2015-07-10,2015-07-10,72,inactive,1,,3.13,,,,,,,,
2015-07-09,2015-07-09,73,inactive,,,,,,,,,,,
2015-07-09,2015-07-09,72,inactive,1,,0,,,,,,,,
2015-07-08,2015-07-08,72,inactive,1,,2.44,,,,,,,,
2015-07-08,2015-07-08,73,inactive,,,,,,,,,,,
2015-07-07,2015-07-07,73,inactive,,,,,,,,,,,
2015-07-07,2015-07-07,72,inactive,1,,0,,,,,,,,
2015-07-06,2015-07-06,73,inactive,,,,,,,,,,,
2015-07-06,2015-07-06,72,inactive,,,,,,,,,,,
2015-07-05,2015-07-05,72,inactive,1,,2.83,,,,,,,,
2015-07-05,2015-07-05,73,inactive,1,,0,,,,,,,,
2015-07-04,2015-07-04,72,inactive,,,,,,,,,,,
2015-07-04,2015-07-04,73,inactive,,,,,,,,,,,
2015-07-03,2015-07-03,72,inactive,2,,2.515,,,,,,,,
2015-07-03,2015-07-03,73,inactive,,,,,,,,,,,
2015-07-02,2015-07-02,72,inactive,1,,1,,,,,,,,
2015-07-02,2015-07-02,73,inactive,,,,,,,,,,,
2015-07-01,2015-07-01,72,inactive,,,,,,,,,,,
2015-07-01,2015-07-01,73,inactive,,,,,,,,,,,
2015-06-30,2015-06-30,73,inactive,,,,,,,,,,,
2015-06-29,2015-06-29,73,inactive,,,,,,,,,,,
2015-06-29,2015-06-29,72,inactive,1,,0,,,,,,,,
2015-06-28,2015-06-28,73,inactive,,,,,,,,,,,
2015-06-28,2015-06-28,72,inactive,,,,,,,,,,,
2015-06-23,2015-06-23,73,inactive,,,,,,,,,,,
2015-06-23,2015-06-23,72,inactive,,,,,,,,,,,
2015-06-22,2015-06-22,73,inactive,,,,,,,,,,,
2015-06-22,2015-06-22,72,inactive,,,,,,,,,,,
2015-06-21,2015-06-21,73,inactive,1,,1.85,,,,,,,,
2015-06-21,2015-06-21,72,inactive,2,,1.525,,,,,,,,
2015-06-20,2015-06-20,73,inactive,,,,,,,,,,,
2015-06-20,2015-06-20,72,inactive,,,,,,,,,,,
2015-06-19,2015-06-19,72,inactive,1,,1.82,,,,,,,,
2015-06-19,2015-06-19,73,inactive,,,,,,,,,,,
2015-06-18,2015-06-18,72,inactive,,,,,,,,,,,
2015-06-18,2015-06-18,73,inactive,1,,3.01,,,,,,,,
2015-06-17,2015-06-17,72,inactive,,,,,,,,,,,
2015-06-17,2015-06-17,73,inactive,4,,2.9525,,,,,,,,
2015-06-16,2015-06-16,72,inactive,,,,,,,,,,,
2015-06-16,2015-06-16,73,inactive,2,,2.98,,,,,,,,
2015-06-15,2015-06-15,72,inactive,1,,0.2,,,,,,,,
2015-06-15,2015-06-15,73,inactive,1,,3.09,,,,,,,,
2015-06-14,2015-06-14,72,inactive,2,,1.38,,,,,,,,
2015-06-13,2015-06-13,72,inactive,1,,3.03,,,,,,,,
2015-06-13,2015-06-13,73,inactive,2,,2.625,,,,,,,,
2015-06-12,2015-06-12,72,inactive,,,,,,,,,,,
2015-06-12,2015-06-12,73,inactive,1,,0.28,,,,,,,,
2015-06-11,2015-06-11,72,inactive,3,,1.473333333,,,,,,,,
2015-06-09,2015-06-09,73,inactive,2,,2.225,,,,,,,,
2015-06-07,2015-06-07,73,inactive,7,,1.585714286,,,,,,,,
2015-06-05,2015-06-05,73,inactive,2,,0,,,,,,,,
2015-06-04,2015-06-04,73,inactive,4,,2.185,,,,,,,,
2015-06-03,2015-06-03,73,inactive,1,,2.63,,,,,,,,
2015-06-01,2015-06-01,73,inactive,9,,1.111111111,,,,,,,,
2015-05-26,2015-05-26,73,inactive,11,,0.8281818182,,,,,,,,2
2015-05-24,2015-05-24,73,inactive,37,,1.408108108,,,,,,,,
2015-05-13,2015-05-13,73,inactive,31,,1.436451613,,,,,,,,
2015-04-29,2015-04-29,73,inactive,22,,1.553636364,,,,,,,,
2015-04-29,2015-04-29,72,inactive,7,,1.415714286,,,,,,,,
2015-04-27,2015-04-27,73,inactive,21,,1.404761905,,,,,,,,
2015-04-23,2015-04-23,72,inactive,11,,1.88,,,,,,,,
2015-04-20,2015-04-20,72,inactive,2,,2.595,,,,,,,,
2015-04-19,2015-04-19,72,inactive,7,,1.732857143,,,,,,,,
2015-04-18,2015-04-18,72,inactive,3,,2.293333333,,,,,,,,
2015-04-17,2015-04-17,72,inactive,1,,2.43,,,,,,,,
2015-04-16,2015-04-16,72,inactive,3,,1.856666667,,,,,,,,
2015-04-15,2015-04-15,72,inactive,1,,1.5,,,,,,,,
2015-04-14,2015-04-14,72,inactive,1,,1.5,,,,,,,,
2015-04-13,2015-04-13,72,inactive,2,,2.165,,,,,,,,
2015-04-13,2015-04-13,73,inactive,35,,1.288857143,,,,,,,,
2015-04-12,2015-04-12,72,inactive,1,,2.37,,,,,,,,
2015-04-11,2015-04-11,72,inactive,1,,2.54,,,,,,,,
2015-04-10,2015-04-10,72,inactive,1,,2.24,,,,,,,,
2015-04-09,2015-04-09,72,inactive,2,,2.315,,,,,,,,
2015-04-08,2015-04-08,72,inactive,5,,1.384,,,,,,,,
2015-04-07,2015-04-07,72,inactive,,,,,,,,,,,
2015-04-06,2015-04-06,72,inactive,2,,1.955,,,,,,,,
2015-04-05,2015-04-05,72,inactive,,,,,,,,,,,
2015-04-03,2015-04-03,72,inactive,2,,0,,,,,,,,
2015-04-02,2015-04-02,72,inactive,,,,,,,,,,,
2015-04-01,2015-04-01,72,inactive,2,,2.46,,,,,,,,
2015-03-31,2015-03-31,74,inactive,,,,,,,,,,,
2015-03-30,2015-03-30,74,inactive,,,,,,,,,,,
2015-03-30,2015-03-30,72,inactive,3,,1.556666667,,,,,,,,
2015-03-29,2015-03-29,74,inactive,,,,,,,,,,,
2015-03-28,2015-03-28,72,inactive,1,,2.52,,,,,,,,
2015-03-28,2015-03-28,74,inactive,,,,,,,,,,,
2015-03-27,2015-03-27,72,inactive,1,,2.62,,,,,,,,
2015-03-26,2015-03-26,72,inactive,5,,1.824,,,,,,,,
2015-03-26,2015-03-26,73,inactive,20,,1.7405,,,,,,,,
2015-03-26,2015-03-26,74,inactive,,,,,,,,,,,
2015-03-25,2015-03-25,72,inactive,,,,,,,,,,,
2015-03-24,2015-03-24,72,inactive,2,,2.445,,,,,,,,
2015-03-24,2015-03-24,74,inactive,,,,,,,,,,,
2015-03-24,2015-03-24,75,inactive,,,,,,,,,,,
2015-03-23,2015-03-23,72,inactive,,,,,,,,,,,
2015-03-23,2015-03-23,74,inactive,,,,,,,,,,,
2015-03-23,2015-03-23,73,inactive,2,,1,,,,,,,,
2015-03-22,2015-03-22,74,inactive,,,,,,,,,,,
2015-03-22,2015-03-22,72,inactive,5,,1.33,,,,,,,,
2015-03-22,2015-03-22,73,inactive,5,,2.172,,,,,,,,
2015-03-21,2015-03-21,74,inactive,,,,,,,,,,,
2015-03-21,2015-03-21,75,inactive,7,,7.142857143,,,,,,,,
2015-03-21,2015-03-21,72,inactive,,,,,,,,,,,
2015-03-20,2015-03-20,73,inactive,3,,5.31,,,,,,,,
2015-03-20,2015-03-20,75,inactive,5,,4.624,,,,,,,,
2015-03-18,2015-03-18,75,inactive,14,,3.571428571,,,,,,,,
2015-03-16,2015-03-16,75,inactive,19,,2.631578947,,,,,,,,
2015-03-15,2015-03-15,75,inactive,15,,3.333333333,,,,,,,1,
2015-03-13,2015-03-13,75,inactive,8,,6.25,,,,,,,,
2015-03-08,2015-03-08,75,inactive,27,,1.851851852,,,,,,,,
2015-03-03,2015-03-03,75,inactive,12,,3.333333333,,,,,,,,
2015-03-03,2015-03-03,76,inactive,,,,,,,,,,,
2015-03-02,2015-03-02,76,inactive,1,,10,,,,,,,,
2015-03-02,2015-03-02,77,inactive,1,,5.5,,,,,,,,
2015-03-01,2015-03-01,77,inactive,4,,5,,,,,,,,
2015-03-01,2015-03-01,75,inactive,12,,1.666666667,,,,,,,,
2015-03-01,2015-03-01,76,inactive,2,,5,,,,,,,,
2015-02-28,2015-02-28,76,inactive,1,,6.54,,,,,,,,
2015-02-28,2015-02-28,75,inactive,8,,2.5,,,,,,,,
2015-02-28,2015-02-28,77,inactive,1,,12.9,,,,,,,,
2015-02-27,2015-02-27,75,inactive,6,,3.333333333,,,,,,,,
2015-02-26,2015-02-26,75,inactive,7,,2.857142857,,,,,,,,
2015-02-25,2015-02-25,75,inactive,5,,4,,,,,,,,
2015-02-24,2015-02-24,75,inactive,15,,1.333333333,,,,,,,,
2015-02-23,2015-02-23,75,inactive,11,,1.561818182,,,,,,,,
2015-02-22,2015-02-22,75,inactive,9,,2.56,,,,,,,,
2015-02-21,2015-02-21,75,inactive,4,,5.28,,,,,,,,
2015-02-20,2015-02-20,75,inactive,6,,4.178333333,,,,,,,,
2015-02-18,2015-02-18,75,inactive,2,,7.375,,,,,,,,
2015-02-17,2015-02-17,75,inactive,2,,5,,,,,,,,
2015-02-16,2015-02-16,75,inactive,4,,5.39,,,,,,,,
2015-02-15,2015-02-15,75,inactive,4,,7.4225,,,,,,,,
2015-02-13,2015-02-13,75,inactive,,,,,,,,,,,
2014-12-12,2014-12-12,78,inactive,,,,,,,,,,,
2014-12-10,2014-12-10,78,inactive,,,,,,,,,,,
2014-03-03,2014-03-03,74,inactive,,,,,,,,,,,
2014-03-02,2014-03-02,74,inactive,,,,,,,,,,,
2014-03-01,2014-03-01,74,inactive,,,,,,,,,,,
2014-02-27,2014-02-27,74,inactive,,,,,,,,,,,
2014-02-26,2014-02-26,74,inactive,,,,,,,,,,,
2014-02-25,2014-02-25,74,inactive,,,,,,,,,,,
2014-02-24,2014-02-24,74,inactive,,,,,,,,,,,
2014-02-23,2014-02-23,74,inactive,,,,,,,,,,,
2014-02-22,2014-02-22,74,inactive,,,,,,,,,,,
2014-02-21,2014-02-21,74,inactive,,,,,,,,,,,